# Host: localhost  (Version: 5.7.26)
# Date: 2023-06-27 15:06:53
# Generator: MySQL-Front 5.3  (Build 4.234)

/*!40101 SET NAMES utf8 */;

#
# Structure for table "lyadmin_button"
#

CREATE TABLE `lyadmin_button` (
  `id` bigint(20) NOT NULL AUTO_INCREMENT COMMENT '主键',
  `created_at` datetime(3) DEFAULT NULL COMMENT '创建时间',
  `updated_at` datetime(3) DEFAULT NULL COMMENT '更新时间',
  `name` varchar(191) DEFAULT NULL COMMENT '按钮名称',
  `value` varchar(191) DEFAULT NULL COMMENT '按钮值',
  `create_by` bigint(20) unsigned DEFAULT NULL COMMENT '创建者',
  `update_by` bigint(20) unsigned DEFAULT NULL COMMENT '更新者',
  `belong_dept` bigint(20) unsigned DEFAULT NULL COMMENT '数据归属部门',
  PRIMARY KEY (`id`),
  KEY `idx_lyadmin_button_create_by` (`create_by`),
  KEY `idx_lyadmin_button_update_by` (`update_by`),
  KEY `idx_lyadmin_button_belong_dept` (`belong_dept`)
) ENGINE=InnoDB AUTO_INCREMENT=5 DEFAULT CHARSET=utf8mb4;

#
# Data for table "lyadmin_button"
#

REPLACE INTO `lyadmin_button` VALUES (1,'2023-06-26 23:06:46.625','2023-06-26 23:06:46.625','新增','Create',1,0,0),(2,'2023-06-26 23:07:00.289','2023-06-26 23:07:00.289','编辑','Update',1,0,0),(3,'2023-06-26 23:07:12.712','2023-06-26 23:07:12.712','删除','Delete',1,0,0),(4,'2023-06-26 23:07:59.467','2023-06-26 23:07:59.467','查询','Search',1,0,0);

#
# Structure for table "lyadmin_dept"
#

CREATE TABLE `lyadmin_dept` (
  `id` bigint(20) NOT NULL AUTO_INCREMENT COMMENT '主键',
  `created_at` datetime(3) DEFAULT NULL COMMENT '创建时间',
  `updated_at` datetime(3) DEFAULT NULL COMMENT '更新时间',
  `parent_id` bigint(20) unsigned DEFAULT NULL COMMENT '上级部门',
  `name` varchar(191) DEFAULT NULL COMMENT '部门名称',
  `sort` bigint(20) DEFAULT '1' COMMENT '显示顺序',
  `status` tinyint(1) DEFAULT '1' COMMENT '状态',
  `owner` varchar(100) DEFAULT NULL COMMENT '负责人',
  `phone` varchar(32) DEFAULT NULL COMMENT '手机',
  `email` varchar(64) DEFAULT NULL COMMENT '邮箱',
  `create_by` bigint(20) unsigned DEFAULT NULL COMMENT '创建者',
  `update_by` bigint(20) unsigned DEFAULT NULL COMMENT '更新者',
  `belong_dept` bigint(20) unsigned DEFAULT NULL COMMENT '数据归属部门',
  PRIMARY KEY (`id`),
  KEY `idx_lyadmin_dept_create_by` (`create_by`),
  KEY `idx_lyadmin_dept_update_by` (`update_by`),
  KEY `idx_lyadmin_dept_belong_dept` (`belong_dept`)
) ENGINE=InnoDB AUTO_INCREMENT=7 DEFAULT CHARSET=utf8mb4;

#
# Data for table "lyadmin_dept"
#

REPLACE INTO `lyadmin_dept` VALUES (1,'2023-06-26 11:06:52.000','2023-06-27 10:39:23.446',0,'lyadmin团队',1,1,'','','',NULL,1,NULL),(2,'2023-06-27 10:42:20.776','2023-06-27 10:42:20.776',1,'测试',1,1,'','','',1,0,0),(3,'2023-06-27 10:45:19.868','2023-06-27 10:45:19.868',2,'测试3',1,1,'','','',1,0,0),(4,'2023-06-27 10:45:34.429','2023-06-27 10:45:34.429',3,'测试5',1,1,'','','',1,0,0),(5,'2023-06-27 10:47:35.853','2023-06-27 10:48:17.021',4,'测试8',1,1,'','','',1,1,0),(6,'2023-06-27 10:48:39.950','2023-06-27 10:48:39.950',5,'测试9',1,1,'','','',1,0,0);

#
# Structure for table "lyadmin_jwt_blacklist"
#

CREATE TABLE `lyadmin_jwt_blacklist` (
  `id` bigint(20) NOT NULL AUTO_INCREMENT COMMENT '主键',
  `created_at` datetime(3) DEFAULT NULL COMMENT '创建时间',
  `updated_at` datetime(3) DEFAULT NULL COMMENT '更新时间',
  `jwt` text COMMENT 'jwt',
  PRIMARY KEY (`id`)
) ENGINE=InnoDB AUTO_INCREMENT=17 DEFAULT CHARSET=utf8mb4;

#
# Data for table "lyadmin_jwt_blacklist"
#

REPLACE INTO `lyadmin_jwt_blacklist` VALUES (1,'2023-06-26 09:57:21.417','2023-06-26 09:57:21.417','eyJhbGciOiJIUzI1NiIsInR5cCI6IkpXVCJ9.eyJVVUlEIjoiMTBhYzZiMzQ5NTMwNGI0YzlhZDAxZWMxYTQzN2MyMmQiLCJJRCI6MSwiVXNlcm5hbWUiOiJzdXBlcmFkbWluIiwiTmlja25hbWUiOiLotoXnuqfnrqHnkIblkZgiLCJJZGVudGl0eSI6MCwiRGVwdElkIjowLCJCdWZmZXJUaW1lIjo4NjQwMCwiaXNzIjoibHliYm4iLCJhdWQiOlsibHlhZG1pbiJdLCJleHAiOjE2ODgzNDkwODcsIm5iZiI6MTY4Nzc0NDI4NywiaWF0IjoxNjg3NzQ0Mjg3fQ.hAus8hNqfUejfD2c6Up-xgul3nTTb4eaZsa1vwVPlQE'),(2,'2023-06-26 16:30:24.380','2023-06-26 16:30:24.380','eyJhbGciOiJIUzI1NiIsInR5cCI6IkpXVCJ9.eyJVVUlEIjoiMTBhYzZiMzQ5NTMwNGI0YzlhZDAxZWMxYTQzN2MyMmQiLCJJRCI6MSwiVXNlcm5hbWUiOiJzdXBlcmFkbWluIiwiTmlja25hbWUiOiLotoXnuqfnrqHnkIblkZgiLCJJZGVudGl0eSI6MSwiRGVwdElkIjowLCJCdWZmZXJUaW1lIjo4NjQwMCwiaXNzIjoibHliYm4iLCJhdWQiOlsibHlhZG1pbiJdLCJleHAiOjE2ODgzNDk0NDEsIm5iZiI6MTY4Nzc0NDY0MSwiaWF0IjoxNjg3NzQ0NjQxfQ.eiPfvqMTcAvxW5d3dDflSvz9DwoQ6jkdEuJJ0Q4Mneg'),(3,'2023-06-26 16:32:01.673','2023-06-26 16:32:01.673','eyJhbGciOiJIUzI1NiIsInR5cCI6IkpXVCJ9.eyJVVUlEIjoiMTBhYzZiMzQ5NTMwNGI0YzlhZDAxZWMxYTQzN2MyMmQiLCJJRCI6MSwiVXNlcm5hbWUiOiJzdXBlcmFkbWluIiwiTmlja25hbWUiOiLotoXnuqfnrqHnkIblkZgiLCJJZGVudGl0eSI6MSwiRGVwdElkIjowLCJCdWZmZXJUaW1lIjo4NjQwMCwiaXNzIjoibHliYm4iLCJhdWQiOlsibHlhZG1pbiJdLCJleHAiOjE2ODgzNzMwMjQsIm5iZiI6MTY4Nzc2ODIyNCwiaWF0IjoxNjg3NzY4MjI0fQ.6JKoUmNVXuzvvkL2gcZ0nQ_rBhGnqRKJ9zPxiurVgm4'),(4,'2023-06-26 16:38:39.727','2023-06-26 16:38:39.727','eyJhbGciOiJIUzI1NiIsInR5cCI6IkpXVCJ9.eyJVVUlEIjoiMTBhYzZiMzQ5NTMwNGI0YzlhZDAxZWMxYTQzN2MyMmQiLCJJRCI6MSwiVXNlcm5hbWUiOiJzdXBlcmFkbWluIiwiTmlja25hbWUiOiLotoXnuqfnrqHnkIblkZgiLCJJZGVudGl0eSI6MSwiRGVwdElkIjowLCJCdWZmZXJUaW1lIjo4NjQwMCwiaXNzIjoibHliYm4iLCJhdWQiOlsibHlhZG1pbiJdLCJleHAiOjE2ODgzNzMxMjEsIm5iZiI6MTY4Nzc2ODMyMSwiaWF0IjoxNjg3NzY4MzIxfQ.2fM0yc3_MT7HzibtXtIxzdaU-YgQPl-GMCHrWZZy-ys'),(5,'2023-06-26 16:39:47.972','2023-06-26 16:39:47.972','eyJhbGciOiJIUzI1NiIsInR5cCI6IkpXVCJ9.eyJVVUlEIjoiMTBhYzZiMzQ5NTMwNGI0YzlhZDAxZWMxYTQzN2MyMmQiLCJJRCI6MSwiVXNlcm5hbWUiOiJzdXBlcmFkbWluIiwiTmlja25hbWUiOiLotoXnuqfnrqHnkIblkZgiLCJJZGVudGl0eSI6MSwiRGVwdElkIjowLCJCdWZmZXJUaW1lIjo4NjQwMCwiaXNzIjoibHliYm4iLCJhdWQiOlsibHlhZG1pbiJdLCJleHAiOjE2ODgzNzM1MTksIm5iZiI6MTY4Nzc2ODcxOSwiaWF0IjoxNjg3NzY4NzE5fQ.bROTT7PmrCvDfWvMHx6CkJNCgGbdg0EAGusc63tU_dY'),(6,'2023-06-26 16:58:28.358','2023-06-26 16:58:28.358','eyJhbGciOiJIUzI1NiIsInR5cCI6IkpXVCJ9.eyJVVUlEIjoiMTBhYzZiMzQ5NTMwNGI0YzlhZDAxZWMxYTQzN2MyMmQiLCJJRCI6MSwiVXNlcm5hbWUiOiJzdXBlcmFkbWluIiwiTmlja25hbWUiOiLotoXnuqfnrqHnkIblkZgiLCJJZGVudGl0eSI6MSwiRGVwdElkIjowLCJCdWZmZXJUaW1lIjo4NjQwMCwiaXNzIjoibHliYm4iLCJhdWQiOlsibHlhZG1pbiJdLCJleHAiOjE2ODgzNzM1ODcsIm5iZiI6MTY4Nzc2ODc4NywiaWF0IjoxNjg3NzY4Nzg3fQ.RyGXHNHEgXkUfD6RlNt1w7jf4Nm_QpLE7c3kzNyO64U'),(7,'2023-06-26 17:02:29.099','2023-06-26 17:02:29.099','eyJhbGciOiJIUzI1NiIsInR5cCI6IkpXVCJ9.eyJVVUlEIjoiMTBhYzZiMzQ5NTMwNGI0YzlhZDAxZWMxYTQzN2MyMmQiLCJJRCI6MSwiVXNlcm5hbWUiOiJzdXBlcmFkbWluIiwiTmlja25hbWUiOiLotoXnuqfnrqHnkIblkZgiLCJJZGVudGl0eSI6MSwiRGVwdElkIjowLCJCdWZmZXJUaW1lIjo4NjQwMCwiaXNzIjoibHliYm4iLCJhdWQiOlsibHlhZG1pbiJdLCJleHAiOjE2ODgzNzQ3MDgsIm5iZiI6MTY4Nzc2OTkwOCwiaWF0IjoxNjg3NzY5OTA4fQ.Sk9YAGnQnsIerf3aTFaNpUVepU_aIbs77THvdSukF8U'),(8,'2023-06-26 17:11:24.589','2023-06-26 17:11:24.589','eyJhbGciOiJIUzI1NiIsInR5cCI6IkpXVCJ9.eyJVVUlEIjoiMTBhYzZiMzQ5NTMwNGI0YzlhZDAxZWMxYTQzN2MyMmQiLCJJRCI6MSwiVXNlcm5hbWUiOiJzdXBlcmFkbWluIiwiTmlja25hbWUiOiLotoXnuqfnrqHnkIblkZgiLCJJZGVudGl0eSI6MSwiRGVwdElkIjowLCJCdWZmZXJUaW1lIjo4NjQwMCwiaXNzIjoibHliYm4iLCJhdWQiOlsibHlhZG1pbiJdLCJleHAiOjE2ODgzNzQ5NDksIm5iZiI6MTY4Nzc3MDE0OSwiaWF0IjoxNjg3NzcwMTQ5fQ.hnjgx15r-WS8RvpQfnx6mxU-2l7hgwvV118jBrSIu1c'),(9,'2023-06-26 18:20:24.796','2023-06-26 18:20:24.796','eyJhbGciOiJIUzI1NiIsInR5cCI6IkpXVCJ9.eyJVVUlEIjoiMTBhYzZiMzQ5NTMwNGI0YzlhZDAxZWMxYTQzN2MyMmQiLCJJRCI6MSwiVXNlcm5hbWUiOiJzdXBlcmFkbWluIiwiTmlja25hbWUiOiLotoXnuqfnrqHnkIblkZgiLCJJZGVudGl0eSI6MSwiRGVwdElkIjowLCJCdWZmZXJUaW1lIjo4NjQwMCwiaXNzIjoibHliYm4iLCJhdWQiOlsibHlhZG1pbiJdLCJleHAiOjE2ODgzNzU0ODQsIm5iZiI6MTY4Nzc3MDY4NCwiaWF0IjoxNjg3NzcwNjg0fQ._1S7Bf3N9LgMKBUzEZF0Eh8Q9SKRW5PiMC6mDGjL2-4'),(10,'2023-06-26 20:58:40.213','2023-06-26 20:58:40.213','eyJhbGciOiJIUzI1NiIsInR5cCI6IkpXVCJ9.eyJVVUlEIjoiZGYwMzMyNzJjZmVmNDhjNzkyYmEyYmQ5OTM1NDVlYWIiLCJJRCI6MSwiVXNlcm5hbWUiOiJzdXBlcmFkbWluIiwiTmlja25hbWUiOiLotoXnuqfnrqHnkIblkZgiLCJJZGVudGl0eSI6MCwiQnVmZmVyVGltZSI6ODY0MDAsImlzcyI6Imx5YmJuIiwiYXVkIjpbImx5YWRtaW4iXSwiZXhwIjoxNjg4MjA0NjgwLCJuYmYiOjE2ODc1OTk4ODAsImlhdCI6MTY4NzU5OTg4MH0.dvfU4M8NSEyU6uzdP8PJmOpLOt-qzQuJ_uFo0N9VHcQ'),(11,'2023-06-26 21:05:19.321','2023-06-26 21:05:19.321','eyJhbGciOiJIUzI1NiIsInR5cCI6IkpXVCJ9.eyJVVUlEIjoiMTBhYzZiMzQ5NTMwNGI0YzlhZDAxZWMxYTQzN2MyMmQiLCJJRCI6MSwiVXNlcm5hbWUiOiJzdXBlcmFkbWluIiwiTmlja25hbWUiOiLotoXnuqfnrqHnkIblkZgiLCJJZGVudGl0eSI6MSwiRGVwdElkIjowLCJCdWZmZXJUaW1lIjo4NjQwMCwiaXNzIjoibHliYm4iLCJhdWQiOlsibHlhZG1pbiJdLCJleHAiOjE2ODgzODkxMjAsIm5iZiI6MTY4Nzc4NDMyMCwiaWF0IjoxNjg3Nzg0MzIwfQ.ErK9Jaw0g7HITHmnB0U8ClJoRxX3kWDv43h6AGX6lUs'),(12,'2023-06-26 21:22:52.769','2023-06-26 21:22:52.769','eyJhbGciOiJIUzI1NiIsInR5cCI6IkpXVCJ9.eyJVVUlEIjoiMTBhYzZiMzQ5NTMwNGI0YzlhZDAxZWMxYTQzN2MyMmQiLCJJRCI6MSwiVXNlcm5hbWUiOiJzdXBlcmFkbWluIiwiTmlja25hbWUiOiLotoXnuqfnrqHnkIblkZgiLCJJZGVudGl0eSI6MSwiRGVwdElkIjowLCJCdWZmZXJUaW1lIjo4NjQwMCwiaXNzIjoibHliYm4iLCJhdWQiOlsibHlhZG1pbiJdLCJleHAiOjE2ODgzODk1MTksIm5iZiI6MTY4Nzc4NDcxOSwiaWF0IjoxNjg3Nzg0NzE5fQ.R9LZ1MhbeF9bzrdpZmfGD31A8fHdFCArsHHZp3Agvv0'),(13,'2023-06-26 22:02:12.362','2023-06-26 22:02:12.362','eyJhbGciOiJIUzI1NiIsInR5cCI6IkpXVCJ9.eyJVVUlEIjoiMTBhYzZiMzQ5NTMwNGI0YzlhZDAxZWMxYTQzN2MyMmQiLCJJRCI6MSwiVXNlcm5hbWUiOiJzdXBlcmFkbWluIiwiTmlja25hbWUiOiLotoXnuqfnrqHnkIblkZgiLCJJZGVudGl0eSI6MSwiRGVwdElkIjowLCJCdWZmZXJUaW1lIjo4NjQwMCwiaXNzIjoibHliYm4iLCJhdWQiOlsibHlhZG1pbiJdLCJleHAiOjE2ODgzOTA1NzIsIm5iZiI6MTY4Nzc4NTc3MiwiaWF0IjoxNjg3Nzg1NzcyfQ.CCKQrpqbWCfE45ef0TUS3gaF8UIWmfFMwdb7TzTxlvU'),(14,'2023-06-27 10:38:19.697','2023-06-27 10:38:19.697','eyJhbGciOiJIUzI1NiIsInR5cCI6IkpXVCJ9.eyJVVUlEIjoiMTBhYzZiMzQ5NTMwNGI0YzlhZDAxZWMxYTQzN2MyMmQiLCJJRCI6MSwiVXNlcm5hbWUiOiJzdXBlcmFkbWluIiwiTmlja25hbWUiOiLotoXnuqfnrqHnkIblkZgiLCJJZGVudGl0eSI6MSwiRGVwdElkIjowLCJCdWZmZXJUaW1lIjo4NjQwMCwiaXNzIjoibHliYm4iLCJhdWQiOlsibHlhZG1pbiJdLCJleHAiOjE2ODg0MzIyMTEsIm5iZiI6MTY4NzgyNzQxMSwiaWF0IjoxNjg3ODI3NDExfQ.yHP0EXTGf0SbBoj53kZr5c3dYIqVAWtaD9guTwoeN1U'),(15,'2023-06-27 12:13:29.903','2023-06-27 12:13:29.903','eyJhbGciOiJIUzI1NiIsInR5cCI6IkpXVCJ9.eyJVVUlEIjoiMTBhYzZiMzQ5NTMwNGI0YzlhZDAxZWMxYTQzN2MyMmQiLCJJRCI6MSwiVXNlcm5hbWUiOiJzdXBlcmFkbWluIiwiTmlja25hbWUiOiLotoXnuqfnrqHnkIblkZgiLCJJZGVudGl0eSI6MSwiRGVwdElkIjowLCJCdWZmZXJUaW1lIjo4NjQwMCwiaXNzIjoibHliYm4iLCJhdWQiOlsibHlhZG1pbiJdLCJleHAiOjE2ODg0MzgyOTksIm5iZiI6MTY4NzgzMzQ5OSwiaWF0IjoxNjg3ODMzNDk5fQ.pdDcE4VAmWY9mNknBnmDn6oPxuy9TBB6yEQQUFKwQNc'),(16,'2023-06-27 14:06:39.730','2023-06-27 14:06:39.730','eyJhbGciOiJIUzI1NiIsInR5cCI6IkpXVCJ9.eyJVVUlEIjoiMTBhYzZiMzQ5NTMwNGI0YzlhZDAxZWMxYTQzN2MyMmQiLCJJRCI6MSwiVXNlcm5hbWUiOiJzdXBlcmFkbWluIiwiTmlja25hbWUiOiLotoXnuqfnrqHnkIblkZgiLCJJZGVudGl0eSI6MSwiRGVwdElkIjowLCJCdWZmZXJUaW1lIjo4NjQwMCwiaXNzIjoibHliYm4iLCJhdWQiOlsibHlhZG1pbiJdLCJleHAiOjE2ODg0NDQwMDksIm5iZiI6MTY4NzgzOTIwOSwiaWF0IjoxNjg3ODM5MjA5fQ.lzxFN5po8GEajeRdiKjLAN0bt04jXKl6sEwF1h7F8CY');

#
# Structure for table "lyadmin_menu"
#

CREATE TABLE `lyadmin_menu` (
  `id` bigint(20) NOT NULL AUTO_INCREMENT COMMENT '主键',
  `created_at` datetime(3) DEFAULT NULL COMMENT '创建时间',
  `updated_at` datetime(3) DEFAULT NULL COMMENT '更新时间',
  `parent_id` bigint(20) unsigned DEFAULT NULL COMMENT '父菜单ID',
  `name` varchar(191) DEFAULT NULL COMMENT '菜单名称',
  `icon` varchar(191) DEFAULT NULL COMMENT '菜单图标',
  `web_path` varchar(191) DEFAULT NULL COMMENT '路由地址',
  `is_link` tinyint(1) DEFAULT '0' COMMENT '是否外链',
  `visible` tinyint(1) DEFAULT '1' COMMENT '是否显示菜单',
  `component` varchar(191) DEFAULT NULL COMMENT '对应前端文件路径',
  `component_name` varchar(191) DEFAULT NULL COMMENT '对应前端文件名称',
  `sort` bigint(20) DEFAULT '1' COMMENT '显示顺序',
  `is_catalog` tinyint(1) DEFAULT '0' COMMENT '是否目录',
  `keep_alive` tinyint(1) DEFAULT '0' COMMENT '是否缓存页面',
  `status` tinyint(1) DEFAULT '1' COMMENT '状态',
  `create_by` bigint(20) unsigned DEFAULT NULL COMMENT '创建者',
  `update_by` bigint(20) unsigned DEFAULT NULL COMMENT '更新者',
  `belong_dept` bigint(20) unsigned DEFAULT NULL COMMENT '数据归属部门',
  PRIMARY KEY (`id`),
  KEY `idx_lyadmin_menu_create_by` (`create_by`),
  KEY `idx_lyadmin_menu_update_by` (`update_by`),
  KEY `idx_lyadmin_menu_belong_dept` (`belong_dept`)
) ENGINE=InnoDB AUTO_INCREMENT=7 DEFAULT CHARSET=utf8mb4;

#
# Data for table "lyadmin_menu"
#

REPLACE INTO `lyadmin_menu` VALUES (2,'2023-06-26 15:57:36.000','2023-06-26 15:57:38.000',NULL,'管理员管理','avatar','adminManage',0,1,NULL,NULL,1,0,0,1,NULL,NULL,NULL),(3,'2023-06-26 15:57:40.000','2023-06-27 13:30:18.082',0,'用户管理CRUD','avatar','userManageCrud',0,1,'','',3,0,0,1,NULL,1,NULL),(4,'2023-06-26 15:57:40.000','2023-06-26 15:57:39.000',NULL,'系统管理','tools','',0,1,NULL,NULL,990,1,0,1,NULL,NULL,NULL),(5,'2023-06-26 15:57:40.000','2023-06-26 15:57:39.000',4,'菜单管理','','menuManage',0,1,NULL,NULL,2,0,0,1,NULL,NULL,NULL),(6,'2023-06-26 15:57:40.000','2023-06-26 15:57:39.000',4,'部门管理','','departmentManage',0,1,NULL,NULL,1,0,0,1,NULL,NULL,NULL),(7,'2023-06-27 12:09:22.049','2023-06-27 12:09:22.049',4,'操作日志','InfoFilled','journalManage',0,1,'','',99,0,0,1,1,0,0),(8,'2023-06-27 12:12:34.511','2023-06-27 12:12:34.511',4,'角色管理','','roleManage',0,1,'','',5,0,0,1,1,0,0);

#
# Structure for table "lyadmin_menu_button"
#

CREATE TABLE `lyadmin_menu_button` (
  `id` bigint(20) NOT NULL AUTO_INCREMENT COMMENT '主键',
  `created_at` datetime(3) DEFAULT NULL COMMENT '创建时间',
  `updated_at` datetime(3) DEFAULT NULL COMMENT '更新时间',
  `menu_id` bigint(20) unsigned DEFAULT NULL COMMENT '关联菜单ID',
  `name` varchar(191) DEFAULT NULL COMMENT '名称',
  `value` varchar(191) DEFAULT NULL COMMENT '权限值',
  `api` varchar(191) DEFAULT NULL COMMENT '接口地址',
  `method` varchar(191) DEFAULT NULL COMMENT '接口请求方法',
  `create_by` bigint(20) unsigned DEFAULT NULL COMMENT '创建者',
  `update_by` bigint(20) unsigned DEFAULT NULL COMMENT '更新者',
  `belong_dept` bigint(20) unsigned DEFAULT NULL COMMENT '数据归属部门',
  PRIMARY KEY (`id`),
  KEY `idx_lyadmin_menu_button_create_by` (`create_by`),
  KEY `idx_lyadmin_menu_button_update_by` (`update_by`),
  KEY `idx_lyadmin_menu_button_belong_dept` (`belong_dept`)
) ENGINE=InnoDB AUTO_INCREMENT=8 DEFAULT CHARSET=utf8mb4;

#
# Data for table "lyadmin_menu_button"
#

REPLACE INTO `lyadmin_menu_button` VALUES (1,'2023-06-26 10:00:38.000','2023-06-26 10:00:38.000',1,'查询','Search','\t/api/system/user','GET',NULL,NULL,NULL),(2,'2023-06-26 10:00:38.000','2023-06-26 10:00:38.000',2,'查询','Search','/api/users/users','GET',NULL,NULL,NULL),(3,'2023-06-26 10:00:38.000','2023-06-26 10:00:38.000',5,'查询','Search','/api/system/menu/menu','GET',NULL,NULL,NULL),(4,'2023-06-26 10:00:38.000','2023-06-26 10:00:38.000',5,'新增','Create','/api/system/menu/menu','POST',NULL,NULL,NULL),(5,'2023-06-26 10:00:38.000','2023-06-26 10:00:38.000',5,'编辑','Update','/api/system/menu/menu/:id','PUT',NULL,NULL,NULL),(6,'2023-06-26 10:00:38.000','2023-06-26 10:00:38.000',5,'删除','Delete','/api/system/menu/menu/:id','DELETE',NULL,NULL,NULL),(7,'2023-06-27 09:56:05.167','2023-06-27 10:14:47.212',6,'查询','Search','/api/system/dept/dept','GET',1,1,0),(8,'2023-06-27 10:37:32.191','2023-06-27 10:37:32.191',6,'删除','Delete','/api/system/dept/dept:id','DELETE',1,0,0),(9,'2023-06-27 10:37:51.367','2023-06-27 10:37:51.367',6,'编辑','Update','/api/system/dept/dept:id','PUT',1,0,0),(10,'2023-06-27 10:37:59.918','2023-06-27 10:37:59.918',6,'新增','Create','/api/system/dept/dept','POST',1,0,0),(11,'2023-06-27 12:09:22.058','2023-06-27 12:09:22.058',7,'新增','Create','','POST',1,0,0),(12,'2023-06-27 12:09:22.058','2023-06-27 12:09:22.058',7,'删除','Delete','','DELETE',1,0,0),(13,'2023-06-27 12:09:22.058','2023-06-27 12:09:22.058',7,'编辑','Update','','PUT',1,0,0),(14,'2023-06-27 12:09:22.058','2023-06-27 12:09:22.058',7,'查询','Search','','GET',1,0,0),(15,'2023-06-27 12:09:22.058','2023-06-27 12:09:22.058',7,'详情','Detail','','GET',1,0,0),(16,'2023-06-27 12:12:34.514','2023-06-27 12:12:34.514',8,'新增','Create','','POST',1,0,0),(17,'2023-06-27 12:12:34.514','2023-06-27 12:12:34.514',8,'删除','Delete','','DELETE',1,0,0),(18,'2023-06-27 12:12:34.514','2023-06-27 12:12:34.514',8,'编辑','Update','','PUT',1,0,0),(19,'2023-06-27 12:12:34.514','2023-06-27 12:12:34.514',8,'查询','Search','','GET',1,0,0),(20,'2023-06-27 12:12:34.514','2023-06-27 12:12:34.514',8,'详情','Detail','','GET',1,0,0);

#
# Structure for table "lyadmin_operation_log"
#

CREATE TABLE `lyadmin_operation_log` (
  `id` bigint(20) NOT NULL AUTO_INCREMENT COMMENT '主键',
  `created_at` datetime(3) DEFAULT NULL COMMENT '创建时间',
  `updated_at` datetime(3) DEFAULT NULL COMMENT '更新时间',
  `ip` varchar(50) DEFAULT NULL COMMENT '请求ip',
  `method` varchar(8) DEFAULT NULL COMMENT '请求方法',
  `path` varchar(191) DEFAULT NULL COMMENT '请求路径',
  `code` varchar(32) DEFAULT NULL COMMENT '请求状态',
  `latency` bigint(20) DEFAULT NULL COMMENT '延迟',
  `agent` varchar(191) DEFAULT NULL COMMENT 'UserAgent代理',
  `msg` varchar(191) DEFAULT NULL COMMENT '返回信息',
  `body` text COMMENT '请求Body',
  `resp` text COMMENT '响应Body',
  `user_id` bigint(20) DEFAULT NULL COMMENT '用户id',
  `create_by` bigint(20) unsigned DEFAULT NULL COMMENT '创建者',
  `update_by` bigint(20) unsigned DEFAULT NULL COMMENT '更新者',
  `belong_dept` bigint(20) unsigned DEFAULT NULL COMMENT '数据归属部门',
  PRIMARY KEY (`id`),
  KEY `idx_lyadmin_operation_log_create_by` (`create_by`),
  KEY `idx_lyadmin_operation_log_update_by` (`update_by`),
  KEY `idx_lyadmin_operation_log_belong_dept` (`belong_dept`)
) ENGINE=InnoDB AUTO_INCREMENT=422 DEFAULT CHARSET=utf8mb4;

#
# Data for table "lyadmin_operation_log"
#

REPLACE INTO `lyadmin_operation_log` VALUES (671,'2023-06-27 14:55:46.494','2023-06-27 14:55:46.494','127.0.0.1','GET','/api/system/role/role','200',3880400,'Mozilla/5.0 (Windows NT 10.0; Win64; x64) AppleWebKit/537.36 (KHTML, like Gecko) Chrome/113.0.0.0 Safari/537.36','','{\"lazy\":\"true\",\"limit\":\"10\",\"page\":\"1\"}','{\"code\":2000,\"data\":[{\"id\":1,\"create_at\":\"2023-06-26T10:51:03+08:00\",\"update_at\":\"2023-06-26T10:51:03+08:00\",\"name\":\"管理员\",\"key\":\"admin\",\"sort\":1,\"status\":true,\"menu\":null,\"dept\":null,\"permission\":null,\"create_by\":0,\"update_by\":0,\"belong_dept\":0}],\"msg\":\"获取成功\"}',1,0,0,0),(672,'2023-06-27 14:55:46.568','2023-06-27 14:55:46.568','127.0.0.1','GET','/api/system/role/role','200',1039800,'Mozilla/5.0 (Windows NT 10.0; Win64; x64) AppleWebKit/537.36 (KHTML, like Gecko) Chrome/113.0.0.0 Safari/537.36','','{\"lazy\":\"true\",\"limit\":\"10\",\"page\":\"1\"}','{\"code\":2000,\"data\":[{\"id\":1,\"create_at\":\"2023-06-26T10:51:03+08:00\",\"update_at\":\"2023-06-26T10:51:03+08:00\",\"name\":\"管理员\",\"key\":\"admin\",\"sort\":1,\"status\":true,\"menu\":null,\"dept\":null,\"permission\":null,\"create_by\":0,\"update_by\":0,\"belong_dept\":0}],\"msg\":\"获取成功\"}',1,0,0,0),(673,'2023-06-27 14:58:40.037','2023-06-27 14:58:40.037','127.0.0.1','GET','/api/system/menu/menu','200',6309600,'Mozilla/5.0 (Windows NT 10.0; Win64; x64) AppleWebKit/537.36 (KHTML, like Gecko) Chrome/113.0.0.0 Safari/537.36','','{\"limit\":\"9999\",\"page\":\"1\"}','{\"code\":2000,\"data\":[{\"id\":2,\"create_at\":\"2023-06-26T15:57:36+08:00\",\"update_at\":\"2023-06-26T15:57:38+08:00\",\"parent_id\":0,\"name\":\"管理员管理\",\"icon\":\"avatar\",\"web_path\":\"adminManage\",\"is_link\":false,\"visible\":true,\"component\":\"\",\"component_name\":\"\",\"sort\":1,\"is_catalog\":false,\"keep_alive\":false,\"status\":true,\"MenuButtons\":[{\"id\":2,\"create_at\":\"2023-06-26T10:00:38+08:00\",\"update_at\":\"2023-06-26T10:00:38+08:00\",\"menu_id\":2,\"name\":\"查询\",\"value\":\"Search\",\"api\":\"/api/users/users\",\"method\":\"GET\",\"create_by\":0,\"update_by\":0,\"belong_dept\":0}],\"create_by\":0,\"update_by\":0,\"belong_dept\":0},{\"id\":6,\"create_at\":\"2023-06-26T15:57:40+08:00\",\"update_at\":\"2023-06-26T15:57:39+08:00\",\"parent_id\":4,\"name\":\"部门管理\",\"icon\":\"\",\"web_path\":\"departmentManage\",\"is_link\":false,\"visible\":true,\"component\":\"\",\"component_name\":\"\",\"sort\":1,\"is_catalog\":false,\"keep_alive\":false,\"status\":true,\"MenuButtons\":[{\"id\":7,\"create_at\":\"2023-06-27T09:56:05.167+08:00\",\"update_at\":\"2023-06-27T10:14:47.212+08:00\",\"menu_id\":6,\"name\":\"查询\",\"value\":\"Search\",\"api\":\"/api/system/dept/dept\",\"method\":\"GET\",\"create_by\":1,\"update_by\":1,\"belong_dept\":0},{\"id\":8,\"create_at\":\"2023-06-27T10:37:32.191+08:00\",\"update_at\":\"2023-06-27T10:37:32.191+08:00\",\"menu_id\":6,\"name\":\"删除\",\"value\":\"Delete\",\"api\":\"/api/system/dept/dept:id\",\"method\":\"DELETE\",\"create_by\":1,\"update_by\":0,\"belong_dept\":0},{\"id\":9,\"create_at\":\"2023-06-27T10:37:51.367+08:00\",\"update_at\":\"2023-06-27T10:37:51.367+08:00\",\"menu_id\":6,\"name\":\"编辑\",\"value\":\"Update\",\"api\":\"/api/system/dept/dept:id\",\"method\":\"PUT\",\"create_by\":1,\"update_by\":0,\"belong_dept\":0},{\"id\":10,\"create_at\":\"2023-06-27T10:37:59.918+08:00\",\"update_at\":\"2023-06-27T10:37:59.918+08:00\",\"menu_id\":6,\"name\":\"新增\",\"value\":\"Create\",\"api\":\"/api/system/dept/dept\",\"method\":\"POST\",\"create_by\":1,\"update_by\":0,\"belong_dept\":0}],\"create_by\":0,\"update_by\":0,\"belong_dept\":0},{\"id\":5,\"create_at\":\"2023-06-26T15:57:40+08:00\",\"update_at\":\"2023-06-26T15:57:39+08:00\",\"parent_id\":4,\"name\":\"菜单管理\",\"icon\":\"\",\"web_path\":\"menuManage\",\"is_link\":false,\"visible\":true,\"component\":\"\",\"component_name\":\"\",\"sort\":2,\"is_catalog\":false,\"keep_alive\":false,\"status\":true,\"MenuButtons\":[{\"id\":3,\"create_at\":\"2023-06-26T10:00:38+08:00\",\"update_at\":\"2023-06-26T10:00:38+08:00\",\"menu_id\":5,\"name\":\"查询\",\"value\":\"Search\",\"api\":\"/api/system/menu/menu\",\"method\":\"GET\",\"create_by\":0,\"update_by\":0,\"belong_dept\":0},{\"id\":4,\"create_at\":\"2023-06-26T10:00:38+08:00\",\"update_at\":\"2023-06-26T10:00:38+08:00\",\"menu_id\":5,\"name\":\"新增\",\"value\":\"Create\",\"api\":\"/api/system/menu/menu\",\"method\":\"POST\",\"create_by\":0,\"update_by\":0,\"belong_dept\":0},{\"id\":5,\"create_at\":\"2023-06-26T10:00:38+08:00\",\"update_at\":\"2023-06-26T10:00:38+08:00\",\"menu_id\":5,\"name\":\"编辑\",\"value\":\"Update\",\"api\":\"/api/system/menu/menu/:id\",\"method\":\"PUT\",\"create_by\":0,\"update_by\":0,\"belong_dept\":0},{\"id\":6,\"create_at\":\"2023-06-26T10:00:38+08:00\",\"update_at\":\"2023-06-26T10:00:38+08:00\",\"menu_id\":5,\"name\":\"删除\",\"value\":\"Delete\",\"api\":\"/api/system/menu/menu/:id\",\"method\":\"DELETE\",\"create_by\":0,\"update_by\":0,\"belong_dept\":0}],\"create_by\":0,\"update_by\":0,\"belong_dept\":0},{\"id\":3,\"create_at\":\"2023-06-26T15:57:40+08:00\",\"update_at\":\"2023-06-27T13:30:18.082+08:00\",\"parent_id\":0,\"name\":\"用户管理CRUD\",\"icon\":\"avatar\",\"web_path\":\"userManageCrud\",\"is_link\":false,\"visible\":true,\"component\":\"\",\"component_name\":\"\",\"sort\":3,\"is_catalog\":false,\"keep_alive\":false,\"status\":true,\"MenuButtons\":[],\"create_by\":0,\"update_by\":1,\"belong_dept\":0},{\"id\":8,\"create_at\":\"2023-06-27T12:12:34.511+08:00\",\"update_at\":\"2023-06-27T12:12:34.511+08:00\",\"parent_id\":4,\"name\":\"角色管理\",\"icon\":\"\",\"web_path\":\"roleManage\",\"is_link\":false,\"visible\":true,\"component\":\"\",\"component_name\":\"\",\"sort\":5,\"is_catalog\":false,\"keep_alive\":false,\"status\":true,\"MenuButtons\":[{\"id\":16,\"create_at\":\"2023-06-27T12:12:34.514+08:00\",\"update_at\":\"2023-06-27T12:12:34.514+08:00\",\"menu_id\":8,\"name\":\"新增\",\"value\":\"Create\",\"api\":\"\",\"method\":\"POST\",\"create_by\":1,\"update_by\":0,\"belong_dept\":0},{\"id\":17,\"create_at\":\"2023-06-27T12:12:34.514+08:00\",\"update_at\":\"2023-06-27T12:12:34.514+08:00\",\"menu_id\":8,\"name\":\"删除\",\"value\":\"Delete\",\"api\":\"\",\"method\":\"DELETE\",\"create_by\":1,\"update_by\":0,\"belong_dept\":0},{\"id\":18,\"create_at\":\"2023-06-27T12:12:34.514+08:00\",\"update_at\":\"2023-06-27T12:12:34.514+08:00\",\"menu_id\":8,\"name\":\"编辑\",\"value\":\"Update\",\"api\":\"\",\"method\":\"PUT\",\"create_by\":1,\"update_by\":0,\"belong_dept\":0},{\"id\":19,\"create_at\":\"2023-06-27T12:12:34.514+08:00\",\"update_at\":\"2023-06-27T12:12:34.514+08:00\",\"menu_id\":8,\"name\":\"查询\",\"value\":\"Search\",\"api\":\"\",\"method\":\"GET\",\"create_by\":1,\"update_by\":0,\"belong_dept\":0},{\"id\":20,\"create_at\":\"2023-06-27T12:12:34.514+08:00\",\"update_at\":\"2023-06-27T12:12:34.514+08:00\",\"menu_id\":8,\"name\":\"详情\",\"value\":\"Detail\",\"api\":\"\",\"method\":\"GET\",\"create_by\":1,\"update_by\":0,\"belong_dept\":0}],\"create_by\":1,\"update_by\":0,\"belong_dept\":0},{\"id\":7,\"create_at\":\"2023-06-27T12:09:22.049+08:00\",\"update_at\":\"2023-06-27T12:09:22.049+08:00\",\"parent_id\":4,\"name\":\"操作日志\",\"icon\":\"InfoFilled\",\"web_path\":\"journalManage\",\"is_link\":false,\"visible\":true,\"component\":\"\",\"component_name\":\"\",\"sort\":99,\"is_catalog\":false,\"keep_alive\":false,\"status\":true,\"MenuButtons\":[{\"id\":11,\"create_at\":\"2023-06-27T12:09:22.058+08:00\",\"update_at\":\"2023-06-27T12:09:22.058+08:00\",\"menu_id\":7,\"name\":\"新增\",\"value\":\"Create\",\"api\":\"\",\"method\":\"POST\",\"create_by\":1,\"update_by\":0,\"belong_dept\":0},{\"id\":12,\"create_at\":\"2023-06-27T12:09:22.058+08:00\",\"update_at\":\"2023-06-27T12:09:22.058+08:00\",\"menu_id\":7,\"name\":\"删除\",\"value\":\"Delete\",\"api\":\"\",\"method\":\"DELETE\",\"create_by\":1,\"update_by\":0,\"belong_dept\":0},{\"id\":13,\"create_at\":\"2023-06-27T12:09:22.058+08:00\",\"update_at\":\"2023-06-27T12:09:22.058+08:00\",\"menu_id\":7,\"name\":\"编辑\",\"value\":\"Update\",\"api\":\"\",\"method\":\"PUT\",\"create_by\":1,\"update_by\":0,\"belong_dept\":0},{\"id\":14,\"create_at\":\"2023-06-27T12:09:22.058+08:00\",\"update_at\":\"2023-06-27T12:09:22.058+08:00\",\"menu_id\":7,\"name\":\"查询\",\"value\":\"Search\",\"api\":\"\",\"method\":\"GET\",\"create_by\":1,\"update_by\":0,\"belong_dept\":0},{\"id\":15,\"create_at\":\"2023-06-27T12:09:22.058+08:00\",\"update_at\":\"2023-06-27T12:09:22.058+08:00\",\"menu_id\":7,\"name\":\"详情\",\"value\":\"Detail\",\"api\":\"\",\"method\":\"GET\",\"create_by\":1,\"update_by\":0,\"belong_dept\":0}],\"create_by\":1,\"update_by\":0,\"belong_dept\":0},{\"id\":4,\"create_at\":\"2023-06-26T15:57:40+08:00\",\"update_at\":\"2023-06-26T15:57:39+08:00\",\"parent_id\":0,\"name\":\"系统管理\",\"icon\":\"tools\",\"web_path\":\"\",\"is_link\":false,\"visible\":true,\"component\":\"\",\"component_name\":\"\",\"sort\":990,\"is_catalog\":true,\"keep_alive\":false,\"status\":true,\"MenuButtons\":[],\"create_by\":0,\"update_by\":0,\"belong_dept\":0}],\"msg\":\"获取成功\"}',1,0,0,0),(674,'2023-06-27 14:58:40.742','2023-06-27 14:58:40.742','127.0.0.1','GET','/api/system/role/role','200',1672800,'Mozilla/5.0 (Windows NT 10.0; Win64; x64) AppleWebKit/537.36 (KHTML, like Gecko) Chrome/113.0.0.0 Safari/537.36','','{\"lazy\":\"true\",\"limit\":\"10\",\"page\":\"1\"}','{\"code\":2000,\"data\":[{\"id\":1,\"create_at\":\"2023-06-26T10:51:03+08:00\",\"update_at\":\"2023-06-26T10:51:03+08:00\",\"name\":\"管理员\",\"key\":\"admin\",\"sort\":1,\"status\":true,\"menu\":null,\"dept\":null,\"permission\":null,\"create_by\":0,\"update_by\":0,\"belong_dept\":0}],\"msg\":\"获取成功\"}',1,0,0,0),(675,'2023-06-27 14:58:40.783','2023-06-27 14:58:40.783','127.0.0.1','GET','/api/system/role/role','200',2807400,'Mozilla/5.0 (Windows NT 10.0; Win64; x64) AppleWebKit/537.36 (KHTML, like Gecko) Chrome/113.0.0.0 Safari/537.36','','{\"lazy\":\"true\",\"limit\":\"10\",\"page\":\"1\"}','{\"code\":2000,\"data\":[{\"id\":1,\"create_at\":\"2023-06-26T10:51:03+08:00\",\"update_at\":\"2023-06-26T10:51:03+08:00\",\"name\":\"管理员\",\"key\":\"admin\",\"sort\":1,\"status\":true,\"menu\":null,\"dept\":null,\"permission\":null,\"create_by\":0,\"update_by\":0,\"belong_dept\":0}],\"msg\":\"获取成功\"}',1,0,0,0),(676,'2023-06-27 14:58:41.499','2023-06-27 14:58:41.499','127.0.0.1','GET','/api/system/dept/dept','200',3409700,'Mozilla/5.0 (Windows NT 10.0; Win64; x64) AppleWebKit/537.36 (KHTML, like Gecko) Chrome/113.0.0.0 Safari/537.36','','{\"lazy\":\"true\",\"limit\":\"10\",\"page\":\"1\"}','{\"code\":2000,\"data\":[{\"id\":6,\"create_at\":\"2023-06-27T10:48:39.95+08:00\",\"update_at\":\"2023-06-27T10:48:39.95+08:00\",\"parent_id\":5,\"name\":\"测试9\",\"sort\":1,\"status\":true,\"owner\":\"\",\"phone\":\"\",\"email\":\"\",\"create_by\":1,\"update_by\":0,\"belong_dept\":0},{\"id\":5,\"create_at\":\"2023-06-27T10:47:35.853+08:00\",\"update_at\":\"2023-06-27T10:48:17.021+08:00\",\"parent_id\":4,\"name\":\"测试8\",\"sort\":1,\"status\":true,\"owner\":\"\",\"phone\":\"\",\"email\":\"\",\"create_by\":1,\"update_by\":1,\"belong_dept\":0},{\"id\":4,\"create_at\":\"2023-06-27T10:45:34.429+08:00\",\"update_at\":\"2023-06-27T10:45:34.429+08:00\",\"parent_id\":3,\"name\":\"测试5\",\"sort\":1,\"status\":true,\"owner\":\"\",\"phone\":\"\",\"email\":\"\",\"create_by\":1,\"update_by\":0,\"belong_dept\":0},{\"id\":3,\"create_at\":\"2023-06-27T10:45:19.868+08:00\",\"update_at\":\"2023-06-27T10:45:19.868+08:00\",\"parent_id\":2,\"name\":\"测试3\",\"sort\":1,\"status\":true,\"owner\":\"\",\"phone\":\"\",\"email\":\"\",\"create_by\":1,\"update_by\":0,\"belong_dept\":0},{\"id\":2,\"create_at\":\"2023-06-27T10:42:20.776+08:00\",\"update_at\":\"2023-06-27T10:42:20.776+08:00\",\"parent_id\":1,\"name\":\"测试\",\"sort\":1,\"status\":true,\"owner\":\"\",\"phone\":\"\",\"email\":\"\",\"create_by\":1,\"update_by\":0,\"belong_dept\":0},{\"id\":1,\"create_at\":\"2023-06-26T11:06:52+08:00\",\"update_at\":\"2023-06-27T10:39:23.446+08:00\",\"parent_id\":0,\"name\":\"lyadmin团队\",\"sort\":1,\"status\":true,\"owner\":\"\",\"phone\":\"\",\"email\":\"\",\"create_by\":0,\"update_by\":1,\"belong_dept\":0}],\"msg\":\"获取成功\"}',1,0,0,0),(677,'2023-06-27 14:58:42.940','2023-06-27 14:58:42.940','127.0.0.1','GET','/api/system/role/role','200',647700,'Mozilla/5.0 (Windows NT 10.0; Win64; x64) AppleWebKit/537.36 (KHTML, like Gecko) Chrome/113.0.0.0 Safari/537.36','','{\"lazy\":\"true\",\"limit\":\"10\",\"page\":\"1\"}','{\"code\":2000,\"data\":[{\"id\":1,\"create_at\":\"2023-06-26T10:51:03+08:00\",\"update_at\":\"2023-06-26T10:51:03+08:00\",\"name\":\"管理员\",\"key\":\"admin\",\"sort\":1,\"status\":true,\"menu\":null,\"dept\":null,\"permission\":null,\"create_by\":0,\"update_by\":0,\"belong_dept\":0}],\"msg\":\"获取成功\"}',1,0,0,0),(678,'2023-06-27 14:58:42.971','2023-06-27 14:58:42.971','127.0.0.1','GET','/api/system/role/role','200',1594300,'Mozilla/5.0 (Windows NT 10.0; Win64; x64) AppleWebKit/537.36 (KHTML, like Gecko) Chrome/113.0.0.0 Safari/537.36','','{\"lazy\":\"true\",\"limit\":\"10\",\"page\":\"1\"}','{\"code\":2000,\"data\":[{\"id\":1,\"create_at\":\"2023-06-26T10:51:03+08:00\",\"update_at\":\"2023-06-26T10:51:03+08:00\",\"name\":\"管理员\",\"key\":\"admin\",\"sort\":1,\"status\":true,\"menu\":null,\"dept\":null,\"permission\":null,\"create_by\":0,\"update_by\":0,\"belong_dept\":0}],\"msg\":\"获取成功\"}',1,0,0,0),(679,'2023-06-27 14:59:59.730','2023-06-27 14:59:59.730','127.0.0.1','GET','/api/system/role/role','200',15436600,'Mozilla/5.0 (Windows NT 10.0; Win64; x64) AppleWebKit/537.36 (KHTML, like Gecko) Chrome/113.0.0.0 Safari/537.36','','{\"lazy\":\"true\",\"limit\":\"10\",\"page\":\"1\"}','{\"code\":2000,\"data\":[{\"id\":1,\"create_at\":\"2023-06-26T10:51:03+08:00\",\"update_at\":\"2023-06-26T10:51:03+08:00\",\"name\":\"管理员\",\"key\":\"admin\",\"sort\":1,\"status\":true,\"menu\":null,\"dept\":null,\"permission\":null,\"create_by\":0,\"update_by\":0,\"belong_dept\":0}],\"msg\":\"获取成功\"}',1,0,0,0),(680,'2023-06-27 14:59:59.769','2023-06-27 14:59:59.769','127.0.0.1','GET','/api/system/role/role','200',1237500,'Mozilla/5.0 (Windows NT 10.0; Win64; x64) AppleWebKit/537.36 (KHTML, like Gecko) Chrome/113.0.0.0 Safari/537.36','','{\"lazy\":\"true\",\"limit\":\"10\",\"page\":\"1\"}','{\"code\":2000,\"data\":[{\"id\":1,\"create_at\":\"2023-06-26T10:51:03+08:00\",\"update_at\":\"2023-06-26T10:51:03+08:00\",\"name\":\"管理员\",\"key\":\"admin\",\"sort\":1,\"status\":true,\"menu\":null,\"dept\":null,\"permission\":null,\"create_by\":0,\"update_by\":0,\"belong_dept\":0}],\"msg\":\"获取成功\"}',1,0,0,0),(681,'2023-06-27 15:00:16.719','2023-06-27 15:00:16.719','127.0.0.1','GET','/api/system/role/role','200',772900,'Mozilla/5.0 (Windows NT 10.0; Win64; x64) AppleWebKit/537.36 (KHTML, like Gecko) Chrome/113.0.0.0 Safari/537.36','','{\"lazy\":\"true\",\"limit\":\"10\",\"page\":\"1\"}','{\"code\":2000,\"data\":[{\"id\":1,\"create_at\":\"2023-06-26T10:51:03+08:00\",\"update_at\":\"2023-06-26T10:51:03+08:00\",\"name\":\"管理员\",\"key\":\"admin\",\"sort\":1,\"status\":true,\"menu\":null,\"dept\":null,\"permission\":null,\"create_by\":0,\"update_by\":0,\"belong_dept\":0}],\"msg\":\"获取成功\"}',1,0,0,0),(682,'2023-06-27 15:00:16.764','2023-06-27 15:00:16.764','127.0.0.1','GET','/api/system/role/role','200',2033900,'Mozilla/5.0 (Windows NT 10.0; Win64; x64) AppleWebKit/537.36 (KHTML, like Gecko) Chrome/113.0.0.0 Safari/537.36','','{\"lazy\":\"true\",\"limit\":\"10\",\"page\":\"1\"}','{\"code\":2000,\"data\":[{\"id\":1,\"create_at\":\"2023-06-26T10:51:03+08:00\",\"update_at\":\"2023-06-26T10:51:03+08:00\",\"name\":\"管理员\",\"key\":\"admin\",\"sort\":1,\"status\":true,\"menu\":null,\"dept\":null,\"permission\":null,\"create_by\":0,\"update_by\":0,\"belong_dept\":0}],\"msg\":\"获取成功\"}',1,0,0,0),(683,'2023-06-27 15:00:29.648','2023-06-27 15:00:29.648','127.0.0.1','GET','/api/system/role/role','200',1827700,'Mozilla/5.0 (Windows NT 10.0; Win64; x64) AppleWebKit/537.36 (KHTML, like Gecko) Chrome/113.0.0.0 Safari/537.36','','{\"lazy\":\"true\",\"limit\":\"10\",\"page\":\"1\"}','{\"code\":2000,\"data\":[{\"id\":1,\"create_at\":\"2023-06-26T10:51:03+08:00\",\"update_at\":\"2023-06-26T10:51:03+08:00\",\"name\":\"管理员\",\"key\":\"admin\",\"sort\":1,\"status\":true,\"menu\":null,\"dept\":null,\"permission\":null,\"create_by\":0,\"update_by\":0,\"belong_dept\":0}],\"msg\":\"获取成功\"}',1,0,0,0),(684,'2023-06-27 15:00:29.882','2023-06-27 15:00:29.882','127.0.0.1','GET','/api/system/role/role','200',1032900,'Mozilla/5.0 (Windows NT 10.0; Win64; x64) AppleWebKit/537.36 (KHTML, like Gecko) Chrome/113.0.0.0 Safari/537.36','','{\"lazy\":\"true\",\"limit\":\"10\",\"page\":\"1\"}','{\"code\":2000,\"data\":[{\"id\":1,\"create_at\":\"2023-06-26T10:51:03+08:00\",\"update_at\":\"2023-06-26T10:51:03+08:00\",\"name\":\"管理员\",\"key\":\"admin\",\"sort\":1,\"status\":true,\"menu\":null,\"dept\":null,\"permission\":null,\"create_by\":0,\"update_by\":0,\"belong_dept\":0}],\"msg\":\"获取成功\"}',1,0,0,0),(685,'2023-06-27 15:00:36.079','2023-06-27 15:00:36.079','127.0.0.1','GET','/api/system/menu/menu','200',2299100,'Mozilla/5.0 (Windows NT 10.0; Win64; x64) AppleWebKit/537.36 (KHTML, like Gecko) Chrome/113.0.0.0 Safari/537.36','','{\"limit\":\"9999\",\"page\":\"1\"}','{\"code\":2000,\"data\":[{\"id\":2,\"create_at\":\"2023-06-26T15:57:36+08:00\",\"update_at\":\"2023-06-26T15:57:38+08:00\",\"parent_id\":0,\"name\":\"管理员管理\",\"icon\":\"avatar\",\"web_path\":\"adminManage\",\"is_link\":false,\"visible\":true,\"component\":\"\",\"component_name\":\"\",\"sort\":1,\"is_catalog\":false,\"keep_alive\":false,\"status\":true,\"MenuButtons\":[{\"id\":2,\"create_at\":\"2023-06-26T10:00:38+08:00\",\"update_at\":\"2023-06-26T10:00:38+08:00\",\"menu_id\":2,\"name\":\"查询\",\"value\":\"Search\",\"api\":\"/api/users/users\",\"method\":\"GET\",\"create_by\":0,\"update_by\":0,\"belong_dept\":0}],\"create_by\":0,\"update_by\":0,\"belong_dept\":0},{\"id\":6,\"create_at\":\"2023-06-26T15:57:40+08:00\",\"update_at\":\"2023-06-26T15:57:39+08:00\",\"parent_id\":4,\"name\":\"部门管理\",\"icon\":\"\",\"web_path\":\"departmentManage\",\"is_link\":false,\"visible\":true,\"component\":\"\",\"component_name\":\"\",\"sort\":1,\"is_catalog\":false,\"keep_alive\":false,\"status\":true,\"MenuButtons\":[{\"id\":7,\"create_at\":\"2023-06-27T09:56:05.167+08:00\",\"update_at\":\"2023-06-27T10:14:47.212+08:00\",\"menu_id\":6,\"name\":\"查询\",\"value\":\"Search\",\"api\":\"/api/system/dept/dept\",\"method\":\"GET\",\"create_by\":1,\"update_by\":1,\"belong_dept\":0},{\"id\":8,\"create_at\":\"2023-06-27T10:37:32.191+08:00\",\"update_at\":\"2023-06-27T10:37:32.191+08:00\",\"menu_id\":6,\"name\":\"删除\",\"value\":\"Delete\",\"api\":\"/api/system/dept/dept:id\",\"method\":\"DELETE\",\"create_by\":1,\"update_by\":0,\"belong_dept\":0},{\"id\":9,\"create_at\":\"2023-06-27T10:37:51.367+08:00\",\"update_at\":\"2023-06-27T10:37:51.367+08:00\",\"menu_id\":6,\"name\":\"编辑\",\"value\":\"Update\",\"api\":\"/api/system/dept/dept:id\",\"method\":\"PUT\",\"create_by\":1,\"update_by\":0,\"belong_dept\":0},{\"id\":10,\"create_at\":\"2023-06-27T10:37:59.918+08:00\",\"update_at\":\"2023-06-27T10:37:59.918+08:00\",\"menu_id\":6,\"name\":\"新增\",\"value\":\"Create\",\"api\":\"/api/system/dept/dept\",\"method\":\"POST\",\"create_by\":1,\"update_by\":0,\"belong_dept\":0}],\"create_by\":0,\"update_by\":0,\"belong_dept\":0},{\"id\":5,\"create_at\":\"2023-06-26T15:57:40+08:00\",\"update_at\":\"2023-06-26T15:57:39+08:00\",\"parent_id\":4,\"name\":\"菜单管理\",\"icon\":\"\",\"web_path\":\"menuManage\",\"is_link\":false,\"visible\":true,\"component\":\"\",\"component_name\":\"\",\"sort\":2,\"is_catalog\":false,\"keep_alive\":false,\"status\":true,\"MenuButtons\":[{\"id\":3,\"create_at\":\"2023-06-26T10:00:38+08:00\",\"update_at\":\"2023-06-26T10:00:38+08:00\",\"menu_id\":5,\"name\":\"查询\",\"value\":\"Search\",\"api\":\"/api/system/menu/menu\",\"method\":\"GET\",\"create_by\":0,\"update_by\":0,\"belong_dept\":0},{\"id\":4,\"create_at\":\"2023-06-26T10:00:38+08:00\",\"update_at\":\"2023-06-26T10:00:38+08:00\",\"menu_id\":5,\"name\":\"新增\",\"value\":\"Create\",\"api\":\"/api/system/menu/menu\",\"method\":\"POST\",\"create_by\":0,\"update_by\":0,\"belong_dept\":0},{\"id\":5,\"create_at\":\"2023-06-26T10:00:38+08:00\",\"update_at\":\"2023-06-26T10:00:38+08:00\",\"menu_id\":5,\"name\":\"编辑\",\"value\":\"Update\",\"api\":\"/api/system/menu/menu/:id\",\"method\":\"PUT\",\"create_by\":0,\"update_by\":0,\"belong_dept\":0},{\"id\":6,\"create_at\":\"2023-06-26T10:00:38+08:00\",\"update_at\":\"2023-06-26T10:00:38+08:00\",\"menu_id\":5,\"name\":\"删除\",\"value\":\"Delete\",\"api\":\"/api/system/menu/menu/:id\",\"method\":\"DELETE\",\"create_by\":0,\"update_by\":0,\"belong_dept\":0}],\"create_by\":0,\"update_by\":0,\"belong_dept\":0},{\"id\":3,\"create_at\":\"2023-06-26T15:57:40+08:00\",\"update_at\":\"2023-06-27T13:30:18.082+08:00\",\"parent_id\":0,\"name\":\"用户管理CRUD\",\"icon\":\"avatar\",\"web_path\":\"userManageCrud\",\"is_link\":false,\"visible\":true,\"component\":\"\",\"component_name\":\"\",\"sort\":3,\"is_catalog\":false,\"keep_alive\":false,\"status\":true,\"MenuButtons\":[],\"create_by\":0,\"update_by\":1,\"belong_dept\":0},{\"id\":8,\"create_at\":\"2023-06-27T12:12:34.511+08:00\",\"update_at\":\"2023-06-27T12:12:34.511+08:00\",\"parent_id\":4,\"name\":\"角色管理\",\"icon\":\"\",\"web_path\":\"roleManage\",\"is_link\":false,\"visible\":true,\"component\":\"\",\"component_name\":\"\",\"sort\":5,\"is_catalog\":false,\"keep_alive\":false,\"status\":true,\"MenuButtons\":[{\"id\":16,\"create_at\":\"2023-06-27T12:12:34.514+08:00\",\"update_at\":\"2023-06-27T12:12:34.514+08:00\",\"menu_id\":8,\"name\":\"新增\",\"value\":\"Create\",\"api\":\"\",\"method\":\"POST\",\"create_by\":1,\"update_by\":0,\"belong_dept\":0},{\"id\":17,\"create_at\":\"2023-06-27T12:12:34.514+08:00\",\"update_at\":\"2023-06-27T12:12:34.514+08:00\",\"menu_id\":8,\"name\":\"删除\",\"value\":\"Delete\",\"api\":\"\",\"method\":\"DELETE\",\"create_by\":1,\"update_by\":0,\"belong_dept\":0},{\"id\":18,\"create_at\":\"2023-06-27T12:12:34.514+08:00\",\"update_at\":\"2023-06-27T12:12:34.514+08:00\",\"menu_id\":8,\"name\":\"编辑\",\"value\":\"Update\",\"api\":\"\",\"method\":\"PUT\",\"create_by\":1,\"update_by\":0,\"belong_dept\":0},{\"id\":19,\"create_at\":\"2023-06-27T12:12:34.514+08:00\",\"update_at\":\"2023-06-27T12:12:34.514+08:00\",\"menu_id\":8,\"name\":\"查询\",\"value\":\"Search\",\"api\":\"\",\"method\":\"GET\",\"create_by\":1,\"update_by\":0,\"belong_dept\":0},{\"id\":20,\"create_at\":\"2023-06-27T12:12:34.514+08:00\",\"update_at\":\"2023-06-27T12:12:34.514+08:00\",\"menu_id\":8,\"name\":\"详情\",\"value\":\"Detail\",\"api\":\"\",\"method\":\"GET\",\"create_by\":1,\"update_by\":0,\"belong_dept\":0}],\"create_by\":1,\"update_by\":0,\"belong_dept\":0},{\"id\":7,\"create_at\":\"2023-06-27T12:09:22.049+08:00\",\"update_at\":\"2023-06-27T12:09:22.049+08:00\",\"parent_id\":4,\"name\":\"操作日志\",\"icon\":\"InfoFilled\",\"web_path\":\"journalManage\",\"is_link\":false,\"visible\":true,\"component\":\"\",\"component_name\":\"\",\"sort\":99,\"is_catalog\":false,\"keep_alive\":false,\"status\":true,\"MenuButtons\":[{\"id\":11,\"create_at\":\"2023-06-27T12:09:22.058+08:00\",\"update_at\":\"2023-06-27T12:09:22.058+08:00\",\"menu_id\":7,\"name\":\"新增\",\"value\":\"Create\",\"api\":\"\",\"method\":\"POST\",\"create_by\":1,\"update_by\":0,\"belong_dept\":0},{\"id\":12,\"create_at\":\"2023-06-27T12:09:22.058+08:00\",\"update_at\":\"2023-06-27T12:09:22.058+08:00\",\"menu_id\":7,\"name\":\"删除\",\"value\":\"Delete\",\"api\":\"\",\"method\":\"DELETE\",\"create_by\":1,\"update_by\":0,\"belong_dept\":0},{\"id\":13,\"create_at\":\"2023-06-27T12:09:22.058+08:00\",\"update_at\":\"2023-06-27T12:09:22.058+08:00\",\"menu_id\":7,\"name\":\"编辑\",\"value\":\"Update\",\"api\":\"\",\"method\":\"PUT\",\"create_by\":1,\"update_by\":0,\"belong_dept\":0},{\"id\":14,\"create_at\":\"2023-06-27T12:09:22.058+08:00\",\"update_at\":\"2023-06-27T12:09:22.058+08:00\",\"menu_id\":7,\"name\":\"查询\",\"value\":\"Search\",\"api\":\"\",\"method\":\"GET\",\"create_by\":1,\"update_by\":0,\"belong_dept\":0},{\"id\":15,\"create_at\":\"2023-06-27T12:09:22.058+08:00\",\"update_at\":\"2023-06-27T12:09:22.058+08:00\",\"menu_id\":7,\"name\":\"详情\",\"value\":\"Detail\",\"api\":\"\",\"method\":\"GET\",\"create_by\":1,\"update_by\":0,\"belong_dept\":0}],\"create_by\":1,\"update_by\":0,\"belong_dept\":0},{\"id\":4,\"create_at\":\"2023-06-26T15:57:40+08:00\",\"update_at\":\"2023-06-26T15:57:39+08:00\",\"parent_id\":0,\"name\":\"系统管理\",\"icon\":\"tools\",\"web_path\":\"\",\"is_link\":false,\"visible\":true,\"component\":\"\",\"component_name\":\"\",\"sort\":990,\"is_catalog\":true,\"keep_alive\":false,\"status\":true,\"MenuButtons\":[],\"create_by\":0,\"update_by\":0,\"belong_dept\":0}],\"msg\":\"获取成功\"}',1,0,0,0),(686,'2023-06-27 15:00:36.747','2023-06-27 15:00:36.747','127.0.0.1','GET','/api/system/role/role','200',1064400,'Mozilla/5.0 (Windows NT 10.0; Win64; x64) AppleWebKit/537.36 (KHTML, like Gecko) Chrome/113.0.0.0 Safari/537.36','','{\"lazy\":\"true\",\"limit\":\"10\",\"page\":\"1\"}','{\"code\":2000,\"data\":[{\"id\":1,\"create_at\":\"2023-06-26T10:51:03+08:00\",\"update_at\":\"2023-06-26T10:51:03+08:00\",\"name\":\"管理员\",\"key\":\"admin\",\"sort\":1,\"status\":true,\"menu\":null,\"dept\":null,\"permission\":null,\"create_by\":0,\"update_by\":0,\"belong_dept\":0}],\"msg\":\"获取成功\"}',1,0,0,0),(687,'2023-06-27 15:00:36.803','2023-06-27 15:00:36.803','127.0.0.1','GET','/api/system/role/role','200',796700,'Mozilla/5.0 (Windows NT 10.0; Win64; x64) AppleWebKit/537.36 (KHTML, like Gecko) Chrome/113.0.0.0 Safari/537.36','','{\"lazy\":\"true\",\"limit\":\"10\",\"page\":\"1\"}','{\"code\":2000,\"data\":[{\"id\":1,\"create_at\":\"2023-06-26T10:51:03+08:00\",\"update_at\":\"2023-06-26T10:51:03+08:00\",\"name\":\"管理员\",\"key\":\"admin\",\"sort\":1,\"status\":true,\"menu\":null,\"dept\":null,\"permission\":null,\"create_by\":0,\"update_by\":0,\"belong_dept\":0}],\"msg\":\"获取成功\"}',1,0,0,0),(688,'2023-06-27 15:00:53.431','2023-06-27 15:00:53.431','127.0.0.1','GET','/api/system/dept/dept','200',1998400,'Mozilla/5.0 (Windows NT 10.0; Win64; x64) AppleWebKit/537.36 (KHTML, like Gecko) Chrome/113.0.0.0 Safari/537.36','','{\"lazy\":\"true\",\"limit\":\"10\",\"page\":\"1\"}','{\"code\":2000,\"data\":[{\"id\":6,\"create_at\":\"2023-06-27T10:48:39.95+08:00\",\"update_at\":\"2023-06-27T10:48:39.95+08:00\",\"parent_id\":5,\"name\":\"测试9\",\"sort\":1,\"status\":true,\"owner\":\"\",\"phone\":\"\",\"email\":\"\",\"create_by\":1,\"update_by\":0,\"belong_dept\":0},{\"id\":5,\"create_at\":\"2023-06-27T10:47:35.853+08:00\",\"update_at\":\"2023-06-27T10:48:17.021+08:00\",\"parent_id\":4,\"name\":\"测试8\",\"sort\":1,\"status\":true,\"owner\":\"\",\"phone\":\"\",\"email\":\"\",\"create_by\":1,\"update_by\":1,\"belong_dept\":0},{\"id\":4,\"create_at\":\"2023-06-27T10:45:34.429+08:00\",\"update_at\":\"2023-06-27T10:45:34.429+08:00\",\"parent_id\":3,\"name\":\"测试5\",\"sort\":1,\"status\":true,\"owner\":\"\",\"phone\":\"\",\"email\":\"\",\"create_by\":1,\"update_by\":0,\"belong_dept\":0},{\"id\":3,\"create_at\":\"2023-06-27T10:45:19.868+08:00\",\"update_at\":\"2023-06-27T10:45:19.868+08:00\",\"parent_id\":2,\"name\":\"测试3\",\"sort\":1,\"status\":true,\"owner\":\"\",\"phone\":\"\",\"email\":\"\",\"create_by\":1,\"update_by\":0,\"belong_dept\":0},{\"id\":2,\"create_at\":\"2023-06-27T10:42:20.776+08:00\",\"update_at\":\"2023-06-27T10:42:20.776+08:00\",\"parent_id\":1,\"name\":\"测试\",\"sort\":1,\"status\":true,\"owner\":\"\",\"phone\":\"\",\"email\":\"\",\"create_by\":1,\"update_by\":0,\"belong_dept\":0},{\"id\":1,\"create_at\":\"2023-06-26T11:06:52+08:00\",\"update_at\":\"2023-06-27T10:39:23.446+08:00\",\"parent_id\":0,\"name\":\"lyadmin团队\",\"sort\":1,\"status\":true,\"owner\":\"\",\"phone\":\"\",\"email\":\"\",\"create_by\":0,\"update_by\":1,\"belong_dept\":0}],\"msg\":\"获取成功\"}',1,0,0,0),(689,'2023-06-27 15:00:54.084','2023-06-27 15:00:54.084','127.0.0.1','GET','/api/system/menu/menu','200',2589600,'Mozilla/5.0 (Windows NT 10.0; Win64; x64) AppleWebKit/537.36 (KHTML, like Gecko) Chrome/113.0.0.0 Safari/537.36','','{\"limit\":\"9999\",\"page\":\"1\"}','{\"code\":2000,\"data\":[{\"id\":2,\"create_at\":\"2023-06-26T15:57:36+08:00\",\"update_at\":\"2023-06-26T15:57:38+08:00\",\"parent_id\":0,\"name\":\"管理员管理\",\"icon\":\"avatar\",\"web_path\":\"adminManage\",\"is_link\":false,\"visible\":true,\"component\":\"\",\"component_name\":\"\",\"sort\":1,\"is_catalog\":false,\"keep_alive\":false,\"status\":true,\"MenuButtons\":[{\"id\":2,\"create_at\":\"2023-06-26T10:00:38+08:00\",\"update_at\":\"2023-06-26T10:00:38+08:00\",\"menu_id\":2,\"name\":\"查询\",\"value\":\"Search\",\"api\":\"/api/users/users\",\"method\":\"GET\",\"create_by\":0,\"update_by\":0,\"belong_dept\":0}],\"create_by\":0,\"update_by\":0,\"belong_dept\":0},{\"id\":6,\"create_at\":\"2023-06-26T15:57:40+08:00\",\"update_at\":\"2023-06-26T15:57:39+08:00\",\"parent_id\":4,\"name\":\"部门管理\",\"icon\":\"\",\"web_path\":\"departmentManage\",\"is_link\":false,\"visible\":true,\"component\":\"\",\"component_name\":\"\",\"sort\":1,\"is_catalog\":false,\"keep_alive\":false,\"status\":true,\"MenuButtons\":[{\"id\":7,\"create_at\":\"2023-06-27T09:56:05.167+08:00\",\"update_at\":\"2023-06-27T10:14:47.212+08:00\",\"menu_id\":6,\"name\":\"查询\",\"value\":\"Search\",\"api\":\"/api/system/dept/dept\",\"method\":\"GET\",\"create_by\":1,\"update_by\":1,\"belong_dept\":0},{\"id\":8,\"create_at\":\"2023-06-27T10:37:32.191+08:00\",\"update_at\":\"2023-06-27T10:37:32.191+08:00\",\"menu_id\":6,\"name\":\"删除\",\"value\":\"Delete\",\"api\":\"/api/system/dept/dept:id\",\"method\":\"DELETE\",\"create_by\":1,\"update_by\":0,\"belong_dept\":0},{\"id\":9,\"create_at\":\"2023-06-27T10:37:51.367+08:00\",\"update_at\":\"2023-06-27T10:37:51.367+08:00\",\"menu_id\":6,\"name\":\"编辑\",\"value\":\"Update\",\"api\":\"/api/system/dept/dept:id\",\"method\":\"PUT\",\"create_by\":1,\"update_by\":0,\"belong_dept\":0},{\"id\":10,\"create_at\":\"2023-06-27T10:37:59.918+08:00\",\"update_at\":\"2023-06-27T10:37:59.918+08:00\",\"menu_id\":6,\"name\":\"新增\",\"value\":\"Create\",\"api\":\"/api/system/dept/dept\",\"method\":\"POST\",\"create_by\":1,\"update_by\":0,\"belong_dept\":0}],\"create_by\":0,\"update_by\":0,\"belong_dept\":0},{\"id\":5,\"create_at\":\"2023-06-26T15:57:40+08:00\",\"update_at\":\"2023-06-26T15:57:39+08:00\",\"parent_id\":4,\"name\":\"菜单管理\",\"icon\":\"\",\"web_path\":\"menuManage\",\"is_link\":false,\"visible\":true,\"component\":\"\",\"component_name\":\"\",\"sort\":2,\"is_catalog\":false,\"keep_alive\":false,\"status\":true,\"MenuButtons\":[{\"id\":3,\"create_at\":\"2023-06-26T10:00:38+08:00\",\"update_at\":\"2023-06-26T10:00:38+08:00\",\"menu_id\":5,\"name\":\"查询\",\"value\":\"Search\",\"api\":\"/api/system/menu/menu\",\"method\":\"GET\",\"create_by\":0,\"update_by\":0,\"belong_dept\":0},{\"id\":4,\"create_at\":\"2023-06-26T10:00:38+08:00\",\"update_at\":\"2023-06-26T10:00:38+08:00\",\"menu_id\":5,\"name\":\"新增\",\"value\":\"Create\",\"api\":\"/api/system/menu/menu\",\"method\":\"POST\",\"create_by\":0,\"update_by\":0,\"belong_dept\":0},{\"id\":5,\"create_at\":\"2023-06-26T10:00:38+08:00\",\"update_at\":\"2023-06-26T10:00:38+08:00\",\"menu_id\":5,\"name\":\"编辑\",\"value\":\"Update\",\"api\":\"/api/system/menu/menu/:id\",\"method\":\"PUT\",\"create_by\":0,\"update_by\":0,\"belong_dept\":0},{\"id\":6,\"create_at\":\"2023-06-26T10:00:38+08:00\",\"update_at\":\"2023-06-26T10:00:38+08:00\",\"menu_id\":5,\"name\":\"删除\",\"value\":\"Delete\",\"api\":\"/api/system/menu/menu/:id\",\"method\":\"DELETE\",\"create_by\":0,\"update_by\":0,\"belong_dept\":0}],\"create_by\":0,\"update_by\":0,\"belong_dept\":0},{\"id\":3,\"create_at\":\"2023-06-26T15:57:40+08:00\",\"update_at\":\"2023-06-27T13:30:18.082+08:00\",\"parent_id\":0,\"name\":\"用户管理CRUD\",\"icon\":\"avatar\",\"web_path\":\"userManageCrud\",\"is_link\":false,\"visible\":true,\"component\":\"\",\"component_name\":\"\",\"sort\":3,\"is_catalog\":false,\"keep_alive\":false,\"status\":true,\"MenuButtons\":[],\"create_by\":0,\"update_by\":1,\"belong_dept\":0},{\"id\":8,\"create_at\":\"2023-06-27T12:12:34.511+08:00\",\"update_at\":\"2023-06-27T12:12:34.511+08:00\",\"parent_id\":4,\"name\":\"角色管理\",\"icon\":\"\",\"web_path\":\"roleManage\",\"is_link\":false,\"visible\":true,\"component\":\"\",\"component_name\":\"\",\"sort\":5,\"is_catalog\":false,\"keep_alive\":false,\"status\":true,\"MenuButtons\":[{\"id\":16,\"create_at\":\"2023-06-27T12:12:34.514+08:00\",\"update_at\":\"2023-06-27T12:12:34.514+08:00\",\"menu_id\":8,\"name\":\"新增\",\"value\":\"Create\",\"api\":\"\",\"method\":\"POST\",\"create_by\":1,\"update_by\":0,\"belong_dept\":0},{\"id\":17,\"create_at\":\"2023-06-27T12:12:34.514+08:00\",\"update_at\":\"2023-06-27T12:12:34.514+08:00\",\"menu_id\":8,\"name\":\"删除\",\"value\":\"Delete\",\"api\":\"\",\"method\":\"DELETE\",\"create_by\":1,\"update_by\":0,\"belong_dept\":0},{\"id\":18,\"create_at\":\"2023-06-27T12:12:34.514+08:00\",\"update_at\":\"2023-06-27T12:12:34.514+08:00\",\"menu_id\":8,\"name\":\"编辑\",\"value\":\"Update\",\"api\":\"\",\"method\":\"PUT\",\"create_by\":1,\"update_by\":0,\"belong_dept\":0},{\"id\":19,\"create_at\":\"2023-06-27T12:12:34.514+08:00\",\"update_at\":\"2023-06-27T12:12:34.514+08:00\",\"menu_id\":8,\"name\":\"查询\",\"value\":\"Search\",\"api\":\"\",\"method\":\"GET\",\"create_by\":1,\"update_by\":0,\"belong_dept\":0},{\"id\":20,\"create_at\":\"2023-06-27T12:12:34.514+08:00\",\"update_at\":\"2023-06-27T12:12:34.514+08:00\",\"menu_id\":8,\"name\":\"详情\",\"value\":\"Detail\",\"api\":\"\",\"method\":\"GET\",\"create_by\":1,\"update_by\":0,\"belong_dept\":0}],\"create_by\":1,\"update_by\":0,\"belong_dept\":0},{\"id\":7,\"create_at\":\"2023-06-27T12:09:22.049+08:00\",\"update_at\":\"2023-06-27T12:09:22.049+08:00\",\"parent_id\":4,\"name\":\"操作日志\",\"icon\":\"InfoFilled\",\"web_path\":\"journalManage\",\"is_link\":false,\"visible\":true,\"component\":\"\",\"component_name\":\"\",\"sort\":99,\"is_catalog\":false,\"keep_alive\":false,\"status\":true,\"MenuButtons\":[{\"id\":11,\"create_at\":\"2023-06-27T12:09:22.058+08:00\",\"update_at\":\"2023-06-27T12:09:22.058+08:00\",\"menu_id\":7,\"name\":\"新增\",\"value\":\"Create\",\"api\":\"\",\"method\":\"POST\",\"create_by\":1,\"update_by\":0,\"belong_dept\":0},{\"id\":12,\"create_at\":\"2023-06-27T12:09:22.058+08:00\",\"update_at\":\"2023-06-27T12:09:22.058+08:00\",\"menu_id\":7,\"name\":\"删除\",\"value\":\"Delete\",\"api\":\"\",\"method\":\"DELETE\",\"create_by\":1,\"update_by\":0,\"belong_dept\":0},{\"id\":13,\"create_at\":\"2023-06-27T12:09:22.058+08:00\",\"update_at\":\"2023-06-27T12:09:22.058+08:00\",\"menu_id\":7,\"name\":\"编辑\",\"value\":\"Update\",\"api\":\"\",\"method\":\"PUT\",\"create_by\":1,\"update_by\":0,\"belong_dept\":0},{\"id\":14,\"create_at\":\"2023-06-27T12:09:22.058+08:00\",\"update_at\":\"2023-06-27T12:09:22.058+08:00\",\"menu_id\":7,\"name\":\"查询\",\"value\":\"Search\",\"api\":\"\",\"method\":\"GET\",\"create_by\":1,\"update_by\":0,\"belong_dept\":0},{\"id\":15,\"create_at\":\"2023-06-27T12:09:22.058+08:00\",\"update_at\":\"2023-06-27T12:09:22.058+08:00\",\"menu_id\":7,\"name\":\"详情\",\"value\":\"Detail\",\"api\":\"\",\"method\":\"GET\",\"create_by\":1,\"update_by\":0,\"belong_dept\":0}],\"create_by\":1,\"update_by\":0,\"belong_dept\":0},{\"id\":4,\"create_at\":\"2023-06-26T15:57:40+08:00\",\"update_at\":\"2023-06-26T15:57:39+08:00\",\"parent_id\":0,\"name\":\"系统管理\",\"icon\":\"tools\",\"web_path\":\"\",\"is_link\":false,\"visible\":true,\"component\":\"\",\"component_name\":\"\",\"sort\":990,\"is_catalog\":true,\"keep_alive\":false,\"status\":true,\"MenuButtons\":[],\"create_by\":0,\"update_by\":0,\"belong_dept\":0}],\"msg\":\"获取成功\"}',1,0,0,0),(690,'2023-06-27 15:00:54.775','2023-06-27 15:00:54.775','127.0.0.1','GET','/api/system/role/role','200',937200,'Mozilla/5.0 (Windows NT 10.0; Win64; x64) AppleWebKit/537.36 (KHTML, like Gecko) Chrome/113.0.0.0 Safari/537.36','','{\"lazy\":\"true\",\"limit\":\"10\",\"page\":\"1\"}','{\"code\":2000,\"data\":[{\"id\":1,\"create_at\":\"2023-06-26T10:51:03+08:00\",\"update_at\":\"2023-06-26T10:51:03+08:00\",\"name\":\"管理员\",\"key\":\"admin\",\"sort\":1,\"status\":true,\"menu\":null,\"dept\":null,\"permission\":null,\"create_by\":0,\"update_by\":0,\"belong_dept\":0}],\"msg\":\"获取成功\"}',1,0,0,0),(691,'2023-06-27 15:00:54.814','2023-06-27 15:00:54.814','127.0.0.1','GET','/api/system/role/role','200',910600,'Mozilla/5.0 (Windows NT 10.0; Win64; x64) AppleWebKit/537.36 (KHTML, like Gecko) Chrome/113.0.0.0 Safari/537.36','','{\"lazy\":\"true\",\"limit\":\"10\",\"page\":\"1\"}','{\"code\":2000,\"data\":[{\"id\":1,\"create_at\":\"2023-06-26T10:51:03+08:00\",\"update_at\":\"2023-06-26T10:51:03+08:00\",\"name\":\"管理员\",\"key\":\"admin\",\"sort\":1,\"status\":true,\"menu\":null,\"dept\":null,\"permission\":null,\"create_by\":0,\"update_by\":0,\"belong_dept\":0}],\"msg\":\"获取成功\"}',1,0,0,0),(692,'2023-06-27 15:01:55.392','2023-06-27 15:01:55.392','127.0.0.1','GET','/api/system/dept/dept','200',2545100,'Mozilla/5.0 (Windows NT 10.0; Win64; x64) AppleWebKit/537.36 (KHTML, like Gecko) Chrome/113.0.0.0 Safari/537.36','','{\"lazy\":\"true\",\"limit\":\"10\",\"page\":\"1\"}','{\"code\":2000,\"data\":[{\"id\":6,\"create_at\":\"2023-06-27T10:48:39.95+08:00\",\"update_at\":\"2023-06-27T10:48:39.95+08:00\",\"parent_id\":5,\"name\":\"测试9\",\"sort\":1,\"status\":true,\"owner\":\"\",\"phone\":\"\",\"email\":\"\",\"create_by\":1,\"update_by\":0,\"belong_dept\":0},{\"id\":5,\"create_at\":\"2023-06-27T10:47:35.853+08:00\",\"update_at\":\"2023-06-27T10:48:17.021+08:00\",\"parent_id\":4,\"name\":\"测试8\",\"sort\":1,\"status\":true,\"owner\":\"\",\"phone\":\"\",\"email\":\"\",\"create_by\":1,\"update_by\":1,\"belong_dept\":0},{\"id\":4,\"create_at\":\"2023-06-27T10:45:34.429+08:00\",\"update_at\":\"2023-06-27T10:45:34.429+08:00\",\"parent_id\":3,\"name\":\"测试5\",\"sort\":1,\"status\":true,\"owner\":\"\",\"phone\":\"\",\"email\":\"\",\"create_by\":1,\"update_by\":0,\"belong_dept\":0},{\"id\":3,\"create_at\":\"2023-06-27T10:45:19.868+08:00\",\"update_at\":\"2023-06-27T10:45:19.868+08:00\",\"parent_id\":2,\"name\":\"测试3\",\"sort\":1,\"status\":true,\"owner\":\"\",\"phone\":\"\",\"email\":\"\",\"create_by\":1,\"update_by\":0,\"belong_dept\":0},{\"id\":2,\"create_at\":\"2023-06-27T10:42:20.776+08:00\",\"update_at\":\"2023-06-27T10:42:20.776+08:00\",\"parent_id\":1,\"name\":\"测试\",\"sort\":1,\"status\":true,\"owner\":\"\",\"phone\":\"\",\"email\":\"\",\"create_by\":1,\"update_by\":0,\"belong_dept\":0},{\"id\":1,\"create_at\":\"2023-06-26T11:06:52+08:00\",\"update_at\":\"2023-06-27T10:39:23.446+08:00\",\"parent_id\":0,\"name\":\"lyadmin团队\",\"sort\":1,\"status\":true,\"owner\":\"\",\"phone\":\"\",\"email\":\"\",\"create_by\":0,\"update_by\":1,\"belong_dept\":0}],\"msg\":\"获取成功\"}',1,0,0,0),(693,'2023-06-27 15:02:02.416','2023-06-27 15:02:02.416','127.0.0.1','GET','/api/system/role/role','200',3171600,'Mozilla/5.0 (Windows NT 10.0; Win64; x64) AppleWebKit/537.36 (KHTML, like Gecko) Chrome/113.0.0.0 Safari/537.36','','{\"lazy\":\"true\",\"limit\":\"10\",\"page\":\"1\"}','{\"code\":2000,\"data\":[{\"id\":1,\"create_at\":\"2023-06-26T10:51:03+08:00\",\"update_at\":\"2023-06-26T10:51:03+08:00\",\"name\":\"管理员\",\"key\":\"admin\",\"sort\":1,\"status\":true,\"menu\":null,\"dept\":null,\"permission\":null,\"create_by\":0,\"update_by\":0,\"belong_dept\":0}],\"msg\":\"获取成功\"}',1,0,0,0),(694,'2023-06-27 15:02:02.494','2023-06-27 15:02:02.494','127.0.0.1','GET','/api/system/role/role','200',2535600,'Mozilla/5.0 (Windows NT 10.0; Win64; x64) AppleWebKit/537.36 (KHTML, like Gecko) Chrome/113.0.0.0 Safari/537.36','','{\"lazy\":\"true\",\"limit\":\"10\",\"page\":\"1\"}','{\"code\":2000,\"data\":[{\"id\":1,\"create_at\":\"2023-06-26T10:51:03+08:00\",\"update_at\":\"2023-06-26T10:51:03+08:00\",\"name\":\"管理员\",\"key\":\"admin\",\"sort\":1,\"status\":true,\"menu\":null,\"dept\":null,\"permission\":null,\"create_by\":0,\"update_by\":0,\"belong_dept\":0}],\"msg\":\"获取成功\"}',1,0,0,0),(695,'2023-06-27 15:02:15.456','2023-06-27 15:02:15.456','127.0.0.1','GET','/api/system/role/role','200',1575100,'Mozilla/5.0 (Windows NT 10.0; Win64; x64) AppleWebKit/537.36 (KHTML, like Gecko) Chrome/113.0.0.0 Safari/537.36','','{\"limit\":\"10\",\"page\":\"1\"}','{\"code\":2000,\"data\":[{\"id\":1,\"create_at\":\"2023-06-26T10:51:03+08:00\",\"update_at\":\"2023-06-26T10:51:03+08:00\",\"name\":\"管理员\",\"key\":\"admin\",\"sort\":1,\"status\":true,\"menu\":null,\"dept\":null,\"permission\":null,\"create_by\":0,\"update_by\":0,\"belong_dept\":0}],\"msg\":\"获取成功\"}',1,0,0,0),(696,'2023-06-27 15:02:15.601','2023-06-27 15:02:15.601','127.0.0.1','GET','/api/system/role/role','200',4510800,'Mozilla/5.0 (Windows NT 10.0; Win64; x64) AppleWebKit/537.36 (KHTML, like Gecko) Chrome/113.0.0.0 Safari/537.36','','{\"limit\":\"10\",\"page\":\"1\"}','{\"code\":2000,\"data\":[{\"id\":1,\"create_at\":\"2023-06-26T10:51:03+08:00\",\"update_at\":\"2023-06-26T10:51:03+08:00\",\"name\":\"管理员\",\"key\":\"admin\",\"sort\":1,\"status\":true,\"menu\":null,\"dept\":null,\"permission\":null,\"create_by\":0,\"update_by\":0,\"belong_dept\":0}],\"msg\":\"获取成功\"}',1,0,0,0),(697,'2023-06-27 15:03:47.961','2023-06-27 15:03:47.961','127.0.0.1','GET','/api/system/menu/menu','200',8597400,'Mozilla/5.0 (Windows NT 10.0; Win64; x64) AppleWebKit/537.36 (KHTML, like Gecko) Chrome/113.0.0.0 Safari/537.36','','{\"limit\":\"9999\",\"page\":\"1\"}','{\"code\":2000,\"data\":[{\"id\":2,\"create_at\":\"2023-06-26T15:57:36+08:00\",\"update_at\":\"2023-06-26T15:57:38+08:00\",\"parent_id\":0,\"name\":\"管理员管理\",\"icon\":\"avatar\",\"web_path\":\"adminManage\",\"is_link\":false,\"visible\":true,\"component\":\"\",\"component_name\":\"\",\"sort\":1,\"is_catalog\":false,\"keep_alive\":false,\"status\":true,\"MenuButtons\":[{\"id\":2,\"create_at\":\"2023-06-26T10:00:38+08:00\",\"update_at\":\"2023-06-26T10:00:38+08:00\",\"menu_id\":2,\"name\":\"查询\",\"value\":\"Search\",\"api\":\"/api/users/users\",\"method\":\"GET\",\"create_by\":0,\"update_by\":0,\"belong_dept\":0}],\"create_by\":0,\"update_by\":0,\"belong_dept\":0},{\"id\":6,\"create_at\":\"2023-06-26T15:57:40+08:00\",\"update_at\":\"2023-06-26T15:57:39+08:00\",\"parent_id\":4,\"name\":\"部门管理\",\"icon\":\"\",\"web_path\":\"departmentManage\",\"is_link\":false,\"visible\":true,\"component\":\"\",\"component_name\":\"\",\"sort\":1,\"is_catalog\":false,\"keep_alive\":false,\"status\":true,\"MenuButtons\":[{\"id\":7,\"create_at\":\"2023-06-27T09:56:05.167+08:00\",\"update_at\":\"2023-06-27T10:14:47.212+08:00\",\"menu_id\":6,\"name\":\"查询\",\"value\":\"Search\",\"api\":\"/api/system/dept/dept\",\"method\":\"GET\",\"create_by\":1,\"update_by\":1,\"belong_dept\":0},{\"id\":8,\"create_at\":\"2023-06-27T10:37:32.191+08:00\",\"update_at\":\"2023-06-27T10:37:32.191+08:00\",\"menu_id\":6,\"name\":\"删除\",\"value\":\"Delete\",\"api\":\"/api/system/dept/dept:id\",\"method\":\"DELETE\",\"create_by\":1,\"update_by\":0,\"belong_dept\":0},{\"id\":9,\"create_at\":\"2023-06-27T10:37:51.367+08:00\",\"update_at\":\"2023-06-27T10:37:51.367+08:00\",\"menu_id\":6,\"name\":\"编辑\",\"value\":\"Update\",\"api\":\"/api/system/dept/dept:id\",\"method\":\"PUT\",\"create_by\":1,\"update_by\":0,\"belong_dept\":0},{\"id\":10,\"create_at\":\"2023-06-27T10:37:59.918+08:00\",\"update_at\":\"2023-06-27T10:37:59.918+08:00\",\"menu_id\":6,\"name\":\"新增\",\"value\":\"Create\",\"api\":\"/api/system/dept/dept\",\"method\":\"POST\",\"create_by\":1,\"update_by\":0,\"belong_dept\":0}],\"create_by\":0,\"update_by\":0,\"belong_dept\":0},{\"id\":5,\"create_at\":\"2023-06-26T15:57:40+08:00\",\"update_at\":\"2023-06-26T15:57:39+08:00\",\"parent_id\":4,\"name\":\"菜单管理\",\"icon\":\"\",\"web_path\":\"menuManage\",\"is_link\":false,\"visible\":true,\"component\":\"\",\"component_name\":\"\",\"sort\":2,\"is_catalog\":false,\"keep_alive\":false,\"status\":true,\"MenuButtons\":[{\"id\":3,\"create_at\":\"2023-06-26T10:00:38+08:00\",\"update_at\":\"2023-06-26T10:00:38+08:00\",\"menu_id\":5,\"name\":\"查询\",\"value\":\"Search\",\"api\":\"/api/system/menu/menu\",\"method\":\"GET\",\"create_by\":0,\"update_by\":0,\"belong_dept\":0},{\"id\":4,\"create_at\":\"2023-06-26T10:00:38+08:00\",\"update_at\":\"2023-06-26T10:00:38+08:00\",\"menu_id\":5,\"name\":\"新增\",\"value\":\"Create\",\"api\":\"/api/system/menu/menu\",\"method\":\"POST\",\"create_by\":0,\"update_by\":0,\"belong_dept\":0},{\"id\":5,\"create_at\":\"2023-06-26T10:00:38+08:00\",\"update_at\":\"2023-06-26T10:00:38+08:00\",\"menu_id\":5,\"name\":\"编辑\",\"value\":\"Update\",\"api\":\"/api/system/menu/menu/:id\",\"method\":\"PUT\",\"create_by\":0,\"update_by\":0,\"belong_dept\":0},{\"id\":6,\"create_at\":\"2023-06-26T10:00:38+08:00\",\"update_at\":\"2023-06-26T10:00:38+08:00\",\"menu_id\":5,\"name\":\"删除\",\"value\":\"Delete\",\"api\":\"/api/system/menu/menu/:id\",\"method\":\"DELETE\",\"create_by\":0,\"update_by\":0,\"belong_dept\":0}],\"create_by\":0,\"update_by\":0,\"belong_dept\":0},{\"id\":3,\"create_at\":\"2023-06-26T15:57:40+08:00\",\"update_at\":\"2023-06-27T13:30:18.082+08:00\",\"parent_id\":0,\"name\":\"用户管理CRUD\",\"icon\":\"avatar\",\"web_path\":\"userManageCrud\",\"is_link\":false,\"visible\":true,\"component\":\"\",\"component_name\":\"\",\"sort\":3,\"is_catalog\":false,\"keep_alive\":false,\"status\":true,\"MenuButtons\":[],\"create_by\":0,\"update_by\":1,\"belong_dept\":0},{\"id\":8,\"create_at\":\"2023-06-27T12:12:34.511+08:00\",\"update_at\":\"2023-06-27T12:12:34.511+08:00\",\"parent_id\":4,\"name\":\"角色管理\",\"icon\":\"\",\"web_path\":\"roleManage\",\"is_link\":false,\"visible\":true,\"component\":\"\",\"component_name\":\"\",\"sort\":5,\"is_catalog\":false,\"keep_alive\":false,\"status\":true,\"MenuButtons\":[{\"id\":16,\"create_at\":\"2023-06-27T12:12:34.514+08:00\",\"update_at\":\"2023-06-27T12:12:34.514+08:00\",\"menu_id\":8,\"name\":\"新增\",\"value\":\"Create\",\"api\":\"\",\"method\":\"POST\",\"create_by\":1,\"update_by\":0,\"belong_dept\":0},{\"id\":17,\"create_at\":\"2023-06-27T12:12:34.514+08:00\",\"update_at\":\"2023-06-27T12:12:34.514+08:00\",\"menu_id\":8,\"name\":\"删除\",\"value\":\"Delete\",\"api\":\"\",\"method\":\"DELETE\",\"create_by\":1,\"update_by\":0,\"belong_dept\":0},{\"id\":18,\"create_at\":\"2023-06-27T12:12:34.514+08:00\",\"update_at\":\"2023-06-27T12:12:34.514+08:00\",\"menu_id\":8,\"name\":\"编辑\",\"value\":\"Update\",\"api\":\"\",\"method\":\"PUT\",\"create_by\":1,\"update_by\":0,\"belong_dept\":0},{\"id\":19,\"create_at\":\"2023-06-27T12:12:34.514+08:00\",\"update_at\":\"2023-06-27T12:12:34.514+08:00\",\"menu_id\":8,\"name\":\"查询\",\"value\":\"Search\",\"api\":\"\",\"method\":\"GET\",\"create_by\":1,\"update_by\":0,\"belong_dept\":0},{\"id\":20,\"create_at\":\"2023-06-27T12:12:34.514+08:00\",\"update_at\":\"2023-06-27T12:12:34.514+08:00\",\"menu_id\":8,\"name\":\"详情\",\"value\":\"Detail\",\"api\":\"\",\"method\":\"GET\",\"create_by\":1,\"update_by\":0,\"belong_dept\":0}],\"create_by\":1,\"update_by\":0,\"belong_dept\":0},{\"id\":7,\"create_at\":\"2023-06-27T12:09:22.049+08:00\",\"update_at\":\"2023-06-27T12:09:22.049+08:00\",\"parent_id\":4,\"name\":\"操作日志\",\"icon\":\"InfoFilled\",\"web_path\":\"journalManage\",\"is_link\":false,\"visible\":true,\"component\":\"\",\"component_name\":\"\",\"sort\":99,\"is_catalog\":false,\"keep_alive\":false,\"status\":true,\"MenuButtons\":[{\"id\":11,\"create_at\":\"2023-06-27T12:09:22.058+08:00\",\"update_at\":\"2023-06-27T12:09:22.058+08:00\",\"menu_id\":7,\"name\":\"新增\",\"value\":\"Create\",\"api\":\"\",\"method\":\"POST\",\"create_by\":1,\"update_by\":0,\"belong_dept\":0},{\"id\":12,\"create_at\":\"2023-06-27T12:09:22.058+08:00\",\"update_at\":\"2023-06-27T12:09:22.058+08:00\",\"menu_id\":7,\"name\":\"删除\",\"value\":\"Delete\",\"api\":\"\",\"method\":\"DELETE\",\"create_by\":1,\"update_by\":0,\"belong_dept\":0},{\"id\":13,\"create_at\":\"2023-06-27T12:09:22.058+08:00\",\"update_at\":\"2023-06-27T12:09:22.058+08:00\",\"menu_id\":7,\"name\":\"编辑\",\"value\":\"Update\",\"api\":\"\",\"method\":\"PUT\",\"create_by\":1,\"update_by\":0,\"belong_dept\":0},{\"id\":14,\"create_at\":\"2023-06-27T12:09:22.058+08:00\",\"update_at\":\"2023-06-27T12:09:22.058+08:00\",\"menu_id\":7,\"name\":\"查询\",\"value\":\"Search\",\"api\":\"\",\"method\":\"GET\",\"create_by\":1,\"update_by\":0,\"belong_dept\":0},{\"id\":15,\"create_at\":\"2023-06-27T12:09:22.058+08:00\",\"update_at\":\"2023-06-27T12:09:22.058+08:00\",\"menu_id\":7,\"name\":\"详情\",\"value\":\"Detail\",\"api\":\"\",\"method\":\"GET\",\"create_by\":1,\"update_by\":0,\"belong_dept\":0}],\"create_by\":1,\"update_by\":0,\"belong_dept\":0},{\"id\":4,\"create_at\":\"2023-06-26T15:57:40+08:00\",\"update_at\":\"2023-06-26T15:57:39+08:00\",\"parent_id\":0,\"name\":\"系统管理\",\"icon\":\"tools\",\"web_path\":\"\",\"is_link\":false,\"visible\":true,\"component\":\"\",\"component_name\":\"\",\"sort\":990,\"is_catalog\":true,\"keep_alive\":false,\"status\":true,\"MenuButtons\":[],\"create_by\":0,\"update_by\":0,\"belong_dept\":0}],\"msg\":\"获取成功\"}',1,0,0,0),(698,'2023-06-27 15:03:48.618','2023-06-27 15:03:48.618','127.0.0.1','GET','/api/system/role/role','200',16943200,'Mozilla/5.0 (Windows NT 10.0; Win64; x64) AppleWebKit/537.36 (KHTML, like Gecko) Chrome/113.0.0.0 Safari/537.36','','{\"limit\":\"10\",\"page\":\"1\"}','{\"code\":2000,\"data\":{\"page\":1,\"limit\":10,\"total\":7,\"pages\":1,\"data\":[{\"id\":2,\"create_at\":\"2023-06-26T15:57:36+08:00\",\"update_at\":\"2023-06-26T15:57:38+08:00\",\"parent_id\":0,\"name\":\"管理员管理\",\"icon\":\"avatar\",\"web_path\":\"adminManage\",\"is_link\":false,\"visible\":true,\"component\":\"\",\"component_name\":\"\",\"sort\":1,\"is_catalog\":false,\"keep_alive\":false,\"status\":true,\"MenuButtons\":null,\"create_by\":0,\"update_by\":0,\"belong_dept\":0},{\"id\":6,\"create_at\":\"2023-06-26T15:57:40+08:00\",\"update_at\":\"2023-06-26T15:57:39+08:00\",\"parent_id\":4,\"name\":\"部门管理\",\"icon\":\"\",\"web_path\":\"departmentManage\",\"is_link\":false,\"visible\":true,\"component\":\"\",\"component_name\":\"\",\"sort\":1,\"is_catalog\":false,\"keep_alive\":false,\"status\":true,\"MenuButtons\":null,\"create_by\":0,\"update_by\":0,\"belong_dept\":0},{\"id\":5,\"create_at\":\"2023-06-26T15:57:40+08:00\",\"update_at\":\"2023-06-26T15:57:39+08:00\",\"parent_id\":4,\"name\":\"菜单管理\",\"icon\":\"\",\"web_path\":\"menuManage\",\"is_link\":false,\"visible\":true,\"component\":\"\",\"component_name\":\"\",\"sort\":2,\"is_catalog\":false,\"keep_alive\":false,\"status\":true,\"MenuButtons\":null,\"create_by\":0,\"update_by\":0,\"belong_dept\":0},{\"id\":3,\"create_at\":\"2023-06-26T15:57:40+08:00\",\"update_at\":\"2023-06-27T13:30:18.082+08:00\",\"parent_id\":0,\"name\":\"用户管理CRUD\",\"icon\":\"avatar\",\"web_path\":\"userManageCrud\",\"is_link\":false,\"visible\":true,\"component\":\"\",\"component_name\":\"\",\"sort\":3,\"is_catalog\":false,\"keep_alive\":false,\"status\":true,\"MenuButtons\":null,\"create_by\":0,\"update_by\":1,\"belong_dept\":0},{\"id\":8,\"create_at\":\"2023-06-27T12:12:34.511+08:00\",\"update_at\":\"2023-06-27T12:12:34.511+08:00\",\"parent_id\":4,\"name\":\"角色管理\",\"icon\":\"\",\"web_path\":\"roleManage\",\"is_link\":false,\"visible\":true,\"component\":\"\",\"component_name\":\"\",\"sort\":5,\"is_catalog\":false,\"keep_alive\":false,\"status\":true,\"MenuButtons\":null,\"create_by\":1,\"update_by\":0,\"belong_dept\":0},{\"id\":7,\"create_at\":\"2023-06-27T12:09:22.049+08:00\",\"update_at\":\"2023-06-27T12:09:22.049+08:00\",\"parent_id\":4,\"name\":\"操作日志\",\"icon\":\"InfoFilled\",\"web_path\":\"journalManage\",\"is_link\":false,\"visible\":true,\"component\":\"\",\"component_name\":\"\",\"sort\":99,\"is_catalog\":false,\"keep_alive\":false,\"status\":true,\"MenuButtons\":null,\"create_by\":1,\"update_by\":0,\"belong_dept\":0},{\"id\":4,\"create_at\":\"2023-06-26T15:57:40+08:00\",\"update_at\":\"2023-06-26T15:57:39+08:00\",\"parent_id\":0,\"name\":\"系统管理\",\"icon\":\"tools\",\"web_path\":\"\",\"is_link\":false,\"visible\":true,\"component\":\"\",\"component_name\":\"\",\"sort\":990,\"is_catalog\":true,\"keep_alive\":false,\"status\":true,\"MenuButtons\":null,\"create_by\":0,\"update_by\":0,\"belong_dept\":0}]},\"msg\":\"获取成功\"}',1,0,0,0),(699,'2023-06-27 15:04:25.589','2023-06-27 15:04:25.589','127.0.0.1','GET','/api/system/menu/menu','200',2624600,'Mozilla/5.0 (Windows NT 10.0; Win64; x64) AppleWebKit/537.36 (KHTML, like Gecko) Chrome/113.0.0.0 Safari/537.36','','{\"limit\":\"9999\",\"page\":\"1\"}','{\"code\":2000,\"data\":[{\"id\":2,\"create_at\":\"2023-06-26T15:57:36+08:00\",\"update_at\":\"2023-06-26T15:57:38+08:00\",\"parent_id\":0,\"name\":\"管理员管理\",\"icon\":\"avatar\",\"web_path\":\"adminManage\",\"is_link\":false,\"visible\":true,\"component\":\"\",\"component_name\":\"\",\"sort\":1,\"is_catalog\":false,\"keep_alive\":false,\"status\":true,\"MenuButtons\":[{\"id\":2,\"create_at\":\"2023-06-26T10:00:38+08:00\",\"update_at\":\"2023-06-26T10:00:38+08:00\",\"menu_id\":2,\"name\":\"查询\",\"value\":\"Search\",\"api\":\"/api/users/users\",\"method\":\"GET\",\"create_by\":0,\"update_by\":0,\"belong_dept\":0}],\"create_by\":0,\"update_by\":0,\"belong_dept\":0},{\"id\":6,\"create_at\":\"2023-06-26T15:57:40+08:00\",\"update_at\":\"2023-06-26T15:57:39+08:00\",\"parent_id\":4,\"name\":\"部门管理\",\"icon\":\"\",\"web_path\":\"departmentManage\",\"is_link\":false,\"visible\":true,\"component\":\"\",\"component_name\":\"\",\"sort\":1,\"is_catalog\":false,\"keep_alive\":false,\"status\":true,\"MenuButtons\":[{\"id\":7,\"create_at\":\"2023-06-27T09:56:05.167+08:00\",\"update_at\":\"2023-06-27T10:14:47.212+08:00\",\"menu_id\":6,\"name\":\"查询\",\"value\":\"Search\",\"api\":\"/api/system/dept/dept\",\"method\":\"GET\",\"create_by\":1,\"update_by\":1,\"belong_dept\":0},{\"id\":8,\"create_at\":\"2023-06-27T10:37:32.191+08:00\",\"update_at\":\"2023-06-27T10:37:32.191+08:00\",\"menu_id\":6,\"name\":\"删除\",\"value\":\"Delete\",\"api\":\"/api/system/dept/dept:id\",\"method\":\"DELETE\",\"create_by\":1,\"update_by\":0,\"belong_dept\":0},{\"id\":9,\"create_at\":\"2023-06-27T10:37:51.367+08:00\",\"update_at\":\"2023-06-27T10:37:51.367+08:00\",\"menu_id\":6,\"name\":\"编辑\",\"value\":\"Update\",\"api\":\"/api/system/dept/dept:id\",\"method\":\"PUT\",\"create_by\":1,\"update_by\":0,\"belong_dept\":0},{\"id\":10,\"create_at\":\"2023-06-27T10:37:59.918+08:00\",\"update_at\":\"2023-06-27T10:37:59.918+08:00\",\"menu_id\":6,\"name\":\"新增\",\"value\":\"Create\",\"api\":\"/api/system/dept/dept\",\"method\":\"POST\",\"create_by\":1,\"update_by\":0,\"belong_dept\":0}],\"create_by\":0,\"update_by\":0,\"belong_dept\":0},{\"id\":5,\"create_at\":\"2023-06-26T15:57:40+08:00\",\"update_at\":\"2023-06-26T15:57:39+08:00\",\"parent_id\":4,\"name\":\"菜单管理\",\"icon\":\"\",\"web_path\":\"menuManage\",\"is_link\":false,\"visible\":true,\"component\":\"\",\"component_name\":\"\",\"sort\":2,\"is_catalog\":false,\"keep_alive\":false,\"status\":true,\"MenuButtons\":[{\"id\":3,\"create_at\":\"2023-06-26T10:00:38+08:00\",\"update_at\":\"2023-06-26T10:00:38+08:00\",\"menu_id\":5,\"name\":\"查询\",\"value\":\"Search\",\"api\":\"/api/system/menu/menu\",\"method\":\"GET\",\"create_by\":0,\"update_by\":0,\"belong_dept\":0},{\"id\":4,\"create_at\":\"2023-06-26T10:00:38+08:00\",\"update_at\":\"2023-06-26T10:00:38+08:00\",\"menu_id\":5,\"name\":\"新增\",\"value\":\"Create\",\"api\":\"/api/system/menu/menu\",\"method\":\"POST\",\"create_by\":0,\"update_by\":0,\"belong_dept\":0},{\"id\":5,\"create_at\":\"2023-06-26T10:00:38+08:00\",\"update_at\":\"2023-06-26T10:00:38+08:00\",\"menu_id\":5,\"name\":\"编辑\",\"value\":\"Update\",\"api\":\"/api/system/menu/menu/:id\",\"method\":\"PUT\",\"create_by\":0,\"update_by\":0,\"belong_dept\":0},{\"id\":6,\"create_at\":\"2023-06-26T10:00:38+08:00\",\"update_at\":\"2023-06-26T10:00:38+08:00\",\"menu_id\":5,\"name\":\"删除\",\"value\":\"Delete\",\"api\":\"/api/system/menu/menu/:id\",\"method\":\"DELETE\",\"create_by\":0,\"update_by\":0,\"belong_dept\":0}],\"create_by\":0,\"update_by\":0,\"belong_dept\":0},{\"id\":3,\"create_at\":\"2023-06-26T15:57:40+08:00\",\"update_at\":\"2023-06-27T13:30:18.082+08:00\",\"parent_id\":0,\"name\":\"用户管理CRUD\",\"icon\":\"avatar\",\"web_path\":\"userManageCrud\",\"is_link\":false,\"visible\":true,\"component\":\"\",\"component_name\":\"\",\"sort\":3,\"is_catalog\":false,\"keep_alive\":false,\"status\":true,\"MenuButtons\":[],\"create_by\":0,\"update_by\":1,\"belong_dept\":0},{\"id\":8,\"create_at\":\"2023-06-27T12:12:34.511+08:00\",\"update_at\":\"2023-06-27T12:12:34.511+08:00\",\"parent_id\":4,\"name\":\"角色管理\",\"icon\":\"\",\"web_path\":\"roleManage\",\"is_link\":false,\"visible\":true,\"component\":\"\",\"component_name\":\"\",\"sort\":5,\"is_catalog\":false,\"keep_alive\":false,\"status\":true,\"MenuButtons\":[{\"id\":16,\"create_at\":\"2023-06-27T12:12:34.514+08:00\",\"update_at\":\"2023-06-27T12:12:34.514+08:00\",\"menu_id\":8,\"name\":\"新增\",\"value\":\"Create\",\"api\":\"\",\"method\":\"POST\",\"create_by\":1,\"update_by\":0,\"belong_dept\":0},{\"id\":17,\"create_at\":\"2023-06-27T12:12:34.514+08:00\",\"update_at\":\"2023-06-27T12:12:34.514+08:00\",\"menu_id\":8,\"name\":\"删除\",\"value\":\"Delete\",\"api\":\"\",\"method\":\"DELETE\",\"create_by\":1,\"update_by\":0,\"belong_dept\":0},{\"id\":18,\"create_at\":\"2023-06-27T12:12:34.514+08:00\",\"update_at\":\"2023-06-27T12:12:34.514+08:00\",\"menu_id\":8,\"name\":\"编辑\",\"value\":\"Update\",\"api\":\"\",\"method\":\"PUT\",\"create_by\":1,\"update_by\":0,\"belong_dept\":0},{\"id\":19,\"create_at\":\"2023-06-27T12:12:34.514+08:00\",\"update_at\":\"2023-06-27T12:12:34.514+08:00\",\"menu_id\":8,\"name\":\"查询\",\"value\":\"Search\",\"api\":\"\",\"method\":\"GET\",\"create_by\":1,\"update_by\":0,\"belong_dept\":0},{\"id\":20,\"create_at\":\"2023-06-27T12:12:34.514+08:00\",\"update_at\":\"2023-06-27T12:12:34.514+08:00\",\"menu_id\":8,\"name\":\"详情\",\"value\":\"Detail\",\"api\":\"\",\"method\":\"GET\",\"create_by\":1,\"update_by\":0,\"belong_dept\":0}],\"create_by\":1,\"update_by\":0,\"belong_dept\":0},{\"id\":7,\"create_at\":\"2023-06-27T12:09:22.049+08:00\",\"update_at\":\"2023-06-27T12:09:22.049+08:00\",\"parent_id\":4,\"name\":\"操作日志\",\"icon\":\"InfoFilled\",\"web_path\":\"journalManage\",\"is_link\":false,\"visible\":true,\"component\":\"\",\"component_name\":\"\",\"sort\":99,\"is_catalog\":false,\"keep_alive\":false,\"status\":true,\"MenuButtons\":[{\"id\":11,\"create_at\":\"2023-06-27T12:09:22.058+08:00\",\"update_at\":\"2023-06-27T12:09:22.058+08:00\",\"menu_id\":7,\"name\":\"新增\",\"value\":\"Create\",\"api\":\"\",\"method\":\"POST\",\"create_by\":1,\"update_by\":0,\"belong_dept\":0},{\"id\":12,\"create_at\":\"2023-06-27T12:09:22.058+08:00\",\"update_at\":\"2023-06-27T12:09:22.058+08:00\",\"menu_id\":7,\"name\":\"删除\",\"value\":\"Delete\",\"api\":\"\",\"method\":\"DELETE\",\"create_by\":1,\"update_by\":0,\"belong_dept\":0},{\"id\":13,\"create_at\":\"2023-06-27T12:09:22.058+08:00\",\"update_at\":\"2023-06-27T12:09:22.058+08:00\",\"menu_id\":7,\"name\":\"编辑\",\"value\":\"Update\",\"api\":\"\",\"method\":\"PUT\",\"create_by\":1,\"update_by\":0,\"belong_dept\":0},{\"id\":14,\"create_at\":\"2023-06-27T12:09:22.058+08:00\",\"update_at\":\"2023-06-27T12:09:22.058+08:00\",\"menu_id\":7,\"name\":\"查询\",\"value\":\"Search\",\"api\":\"\",\"method\":\"GET\",\"create_by\":1,\"update_by\":0,\"belong_dept\":0},{\"id\":15,\"create_at\":\"2023-06-27T12:09:22.058+08:00\",\"update_at\":\"2023-06-27T12:09:22.058+08:00\",\"menu_id\":7,\"name\":\"详情\",\"value\":\"Detail\",\"api\":\"\",\"method\":\"GET\",\"create_by\":1,\"update_by\":0,\"belong_dept\":0}],\"create_by\":1,\"update_by\":0,\"belong_dept\":0},{\"id\":4,\"create_at\":\"2023-06-26T15:57:40+08:00\",\"update_at\":\"2023-06-26T15:57:39+08:00\",\"parent_id\":0,\"name\":\"系统管理\",\"icon\":\"tools\",\"web_path\":\"\",\"is_link\":false,\"visible\":true,\"component\":\"\",\"component_name\":\"\",\"sort\":990,\"is_catalog\":true,\"keep_alive\":false,\"status\":true,\"MenuButtons\":[],\"create_by\":0,\"update_by\":0,\"belong_dept\":0}],\"msg\":\"获取成功\"}',1,0,0,0),(700,'2023-06-27 15:04:26.167','2023-06-27 15:04:26.167','127.0.0.1','GET','/api/system/role/role','200',1503400,'Mozilla/5.0 (Windows NT 10.0; Win64; x64) AppleWebKit/537.36 (KHTML, like Gecko) Chrome/113.0.0.0 Safari/537.36','','{\"limit\":\"10\",\"page\":\"1\"}','{\"code\":2000,\"data\":{\"page\":1,\"limit\":10,\"total\":7,\"pages\":1,\"data\":[{\"id\":2,\"create_at\":\"2023-06-26T15:57:36+08:00\",\"update_at\":\"2023-06-26T15:57:38+08:00\",\"parent_id\":0,\"name\":\"管理员管理\",\"icon\":\"avatar\",\"web_path\":\"adminManage\",\"is_link\":false,\"visible\":true,\"component\":\"\",\"component_name\":\"\",\"sort\":1,\"is_catalog\":false,\"keep_alive\":false,\"status\":true,\"MenuButtons\":null,\"create_by\":0,\"update_by\":0,\"belong_dept\":0},{\"id\":6,\"create_at\":\"2023-06-26T15:57:40+08:00\",\"update_at\":\"2023-06-26T15:57:39+08:00\",\"parent_id\":4,\"name\":\"部门管理\",\"icon\":\"\",\"web_path\":\"departmentManage\",\"is_link\":false,\"visible\":true,\"component\":\"\",\"component_name\":\"\",\"sort\":1,\"is_catalog\":false,\"keep_alive\":false,\"status\":true,\"MenuButtons\":null,\"create_by\":0,\"update_by\":0,\"belong_dept\":0},{\"id\":5,\"create_at\":\"2023-06-26T15:57:40+08:00\",\"update_at\":\"2023-06-26T15:57:39+08:00\",\"parent_id\":4,\"name\":\"菜单管理\",\"icon\":\"\",\"web_path\":\"menuManage\",\"is_link\":false,\"visible\":true,\"component\":\"\",\"component_name\":\"\",\"sort\":2,\"is_catalog\":false,\"keep_alive\":false,\"status\":true,\"MenuButtons\":null,\"create_by\":0,\"update_by\":0,\"belong_dept\":0},{\"id\":3,\"create_at\":\"2023-06-26T15:57:40+08:00\",\"update_at\":\"2023-06-27T13:30:18.082+08:00\",\"parent_id\":0,\"name\":\"用户管理CRUD\",\"icon\":\"avatar\",\"web_path\":\"userManageCrud\",\"is_link\":false,\"visible\":true,\"component\":\"\",\"component_name\":\"\",\"sort\":3,\"is_catalog\":false,\"keep_alive\":false,\"status\":true,\"MenuButtons\":null,\"create_by\":0,\"update_by\":1,\"belong_dept\":0},{\"id\":8,\"create_at\":\"2023-06-27T12:12:34.511+08:00\",\"update_at\":\"2023-06-27T12:12:34.511+08:00\",\"parent_id\":4,\"name\":\"角色管理\",\"icon\":\"\",\"web_path\":\"roleManage\",\"is_link\":false,\"visible\":true,\"component\":\"\",\"component_name\":\"\",\"sort\":5,\"is_catalog\":false,\"keep_alive\":false,\"status\":true,\"MenuButtons\":null,\"create_by\":1,\"update_by\":0,\"belong_dept\":0},{\"id\":7,\"create_at\":\"2023-06-27T12:09:22.049+08:00\",\"update_at\":\"2023-06-27T12:09:22.049+08:00\",\"parent_id\":4,\"name\":\"操作日志\",\"icon\":\"InfoFilled\",\"web_path\":\"journalManage\",\"is_link\":false,\"visible\":true,\"component\":\"\",\"component_name\":\"\",\"sort\":99,\"is_catalog\":false,\"keep_alive\":false,\"status\":true,\"MenuButtons\":null,\"create_by\":1,\"update_by\":0,\"belong_dept\":0},{\"id\":4,\"create_at\":\"2023-06-26T15:57:40+08:00\",\"update_at\":\"2023-06-26T15:57:39+08:00\",\"parent_id\":0,\"name\":\"系统管理\",\"icon\":\"tools\",\"web_path\":\"\",\"is_link\":false,\"visible\":true,\"component\":\"\",\"component_name\":\"\",\"sort\":990,\"is_catalog\":true,\"keep_alive\":false,\"status\":true,\"MenuButtons\":null,\"create_by\":0,\"update_by\":0,\"belong_dept\":0}]},\"msg\":\"获取成功\"}',1,0,0,0),(701,'2023-06-27 15:04:27.797','2023-06-27 15:04:27.797','127.0.0.1','GET','/api/system/menu/menu','200',2732500,'Mozilla/5.0 (Windows NT 10.0; Win64; x64) AppleWebKit/537.36 (KHTML, like Gecko) Chrome/113.0.0.0 Safari/537.36','','{\"limit\":\"9999\",\"page\":\"1\"}','{\"code\":2000,\"data\":[{\"id\":2,\"create_at\":\"2023-06-26T15:57:36+08:00\",\"update_at\":\"2023-06-26T15:57:38+08:00\",\"parent_id\":0,\"name\":\"管理员管理\",\"icon\":\"avatar\",\"web_path\":\"adminManage\",\"is_link\":false,\"visible\":true,\"component\":\"\",\"component_name\":\"\",\"sort\":1,\"is_catalog\":false,\"keep_alive\":false,\"status\":true,\"MenuButtons\":[{\"id\":2,\"create_at\":\"2023-06-26T10:00:38+08:00\",\"update_at\":\"2023-06-26T10:00:38+08:00\",\"menu_id\":2,\"name\":\"查询\",\"value\":\"Search\",\"api\":\"/api/users/users\",\"method\":\"GET\",\"create_by\":0,\"update_by\":0,\"belong_dept\":0}],\"create_by\":0,\"update_by\":0,\"belong_dept\":0},{\"id\":6,\"create_at\":\"2023-06-26T15:57:40+08:00\",\"update_at\":\"2023-06-26T15:57:39+08:00\",\"parent_id\":4,\"name\":\"部门管理\",\"icon\":\"\",\"web_path\":\"departmentManage\",\"is_link\":false,\"visible\":true,\"component\":\"\",\"component_name\":\"\",\"sort\":1,\"is_catalog\":false,\"keep_alive\":false,\"status\":true,\"MenuButtons\":[{\"id\":7,\"create_at\":\"2023-06-27T09:56:05.167+08:00\",\"update_at\":\"2023-06-27T10:14:47.212+08:00\",\"menu_id\":6,\"name\":\"查询\",\"value\":\"Search\",\"api\":\"/api/system/dept/dept\",\"method\":\"GET\",\"create_by\":1,\"update_by\":1,\"belong_dept\":0},{\"id\":8,\"create_at\":\"2023-06-27T10:37:32.191+08:00\",\"update_at\":\"2023-06-27T10:37:32.191+08:00\",\"menu_id\":6,\"name\":\"删除\",\"value\":\"Delete\",\"api\":\"/api/system/dept/dept:id\",\"method\":\"DELETE\",\"create_by\":1,\"update_by\":0,\"belong_dept\":0},{\"id\":9,\"create_at\":\"2023-06-27T10:37:51.367+08:00\",\"update_at\":\"2023-06-27T10:37:51.367+08:00\",\"menu_id\":6,\"name\":\"编辑\",\"value\":\"Update\",\"api\":\"/api/system/dept/dept:id\",\"method\":\"PUT\",\"create_by\":1,\"update_by\":0,\"belong_dept\":0},{\"id\":10,\"create_at\":\"2023-06-27T10:37:59.918+08:00\",\"update_at\":\"2023-06-27T10:37:59.918+08:00\",\"menu_id\":6,\"name\":\"新增\",\"value\":\"Create\",\"api\":\"/api/system/dept/dept\",\"method\":\"POST\",\"create_by\":1,\"update_by\":0,\"belong_dept\":0}],\"create_by\":0,\"update_by\":0,\"belong_dept\":0},{\"id\":5,\"create_at\":\"2023-06-26T15:57:40+08:00\",\"update_at\":\"2023-06-26T15:57:39+08:00\",\"parent_id\":4,\"name\":\"菜单管理\",\"icon\":\"\",\"web_path\":\"menuManage\",\"is_link\":false,\"visible\":true,\"component\":\"\",\"component_name\":\"\",\"sort\":2,\"is_catalog\":false,\"keep_alive\":false,\"status\":true,\"MenuButtons\":[{\"id\":3,\"create_at\":\"2023-06-26T10:00:38+08:00\",\"update_at\":\"2023-06-26T10:00:38+08:00\",\"menu_id\":5,\"name\":\"查询\",\"value\":\"Search\",\"api\":\"/api/system/menu/menu\",\"method\":\"GET\",\"create_by\":0,\"update_by\":0,\"belong_dept\":0},{\"id\":4,\"create_at\":\"2023-06-26T10:00:38+08:00\",\"update_at\":\"2023-06-26T10:00:38+08:00\",\"menu_id\":5,\"name\":\"新增\",\"value\":\"Create\",\"api\":\"/api/system/menu/menu\",\"method\":\"POST\",\"create_by\":0,\"update_by\":0,\"belong_dept\":0},{\"id\":5,\"create_at\":\"2023-06-26T10:00:38+08:00\",\"update_at\":\"2023-06-26T10:00:38+08:00\",\"menu_id\":5,\"name\":\"编辑\",\"value\":\"Update\",\"api\":\"/api/system/menu/menu/:id\",\"method\":\"PUT\",\"create_by\":0,\"update_by\":0,\"belong_dept\":0},{\"id\":6,\"create_at\":\"2023-06-26T10:00:38+08:00\",\"update_at\":\"2023-06-26T10:00:38+08:00\",\"menu_id\":5,\"name\":\"删除\",\"value\":\"Delete\",\"api\":\"/api/system/menu/menu/:id\",\"method\":\"DELETE\",\"create_by\":0,\"update_by\":0,\"belong_dept\":0}],\"create_by\":0,\"update_by\":0,\"belong_dept\":0},{\"id\":3,\"create_at\":\"2023-06-26T15:57:40+08:00\",\"update_at\":\"2023-06-27T13:30:18.082+08:00\",\"parent_id\":0,\"name\":\"用户管理CRUD\",\"icon\":\"avatar\",\"web_path\":\"userManageCrud\",\"is_link\":false,\"visible\":true,\"component\":\"\",\"component_name\":\"\",\"sort\":3,\"is_catalog\":false,\"keep_alive\":false,\"status\":true,\"MenuButtons\":[],\"create_by\":0,\"update_by\":1,\"belong_dept\":0},{\"id\":8,\"create_at\":\"2023-06-27T12:12:34.511+08:00\",\"update_at\":\"2023-06-27T12:12:34.511+08:00\",\"parent_id\":4,\"name\":\"角色管理\",\"icon\":\"\",\"web_path\":\"roleManage\",\"is_link\":false,\"visible\":true,\"component\":\"\",\"component_name\":\"\",\"sort\":5,\"is_catalog\":false,\"keep_alive\":false,\"status\":true,\"MenuButtons\":[{\"id\":16,\"create_at\":\"2023-06-27T12:12:34.514+08:00\",\"update_at\":\"2023-06-27T12:12:34.514+08:00\",\"menu_id\":8,\"name\":\"新增\",\"value\":\"Create\",\"api\":\"\",\"method\":\"POST\",\"create_by\":1,\"update_by\":0,\"belong_dept\":0},{\"id\":17,\"create_at\":\"2023-06-27T12:12:34.514+08:00\",\"update_at\":\"2023-06-27T12:12:34.514+08:00\",\"menu_id\":8,\"name\":\"删除\",\"value\":\"Delete\",\"api\":\"\",\"method\":\"DELETE\",\"create_by\":1,\"update_by\":0,\"belong_dept\":0},{\"id\":18,\"create_at\":\"2023-06-27T12:12:34.514+08:00\",\"update_at\":\"2023-06-27T12:12:34.514+08:00\",\"menu_id\":8,\"name\":\"编辑\",\"value\":\"Update\",\"api\":\"\",\"method\":\"PUT\",\"create_by\":1,\"update_by\":0,\"belong_dept\":0},{\"id\":19,\"create_at\":\"2023-06-27T12:12:34.514+08:00\",\"update_at\":\"2023-06-27T12:12:34.514+08:00\",\"menu_id\":8,\"name\":\"查询\",\"value\":\"Search\",\"api\":\"\",\"method\":\"GET\",\"create_by\":1,\"update_by\":0,\"belong_dept\":0},{\"id\":20,\"create_at\":\"2023-06-27T12:12:34.514+08:00\",\"update_at\":\"2023-06-27T12:12:34.514+08:00\",\"menu_id\":8,\"name\":\"详情\",\"value\":\"Detail\",\"api\":\"\",\"method\":\"GET\",\"create_by\":1,\"update_by\":0,\"belong_dept\":0}],\"create_by\":1,\"update_by\":0,\"belong_dept\":0},{\"id\":7,\"create_at\":\"2023-06-27T12:09:22.049+08:00\",\"update_at\":\"2023-06-27T12:09:22.049+08:00\",\"parent_id\":4,\"name\":\"操作日志\",\"icon\":\"InfoFilled\",\"web_path\":\"journalManage\",\"is_link\":false,\"visible\":true,\"component\":\"\",\"component_name\":\"\",\"sort\":99,\"is_catalog\":false,\"keep_alive\":false,\"status\":true,\"MenuButtons\":[{\"id\":11,\"create_at\":\"2023-06-27T12:09:22.058+08:00\",\"update_at\":\"2023-06-27T12:09:22.058+08:00\",\"menu_id\":7,\"name\":\"新增\",\"value\":\"Create\",\"api\":\"\",\"method\":\"POST\",\"create_by\":1,\"update_by\":0,\"belong_dept\":0},{\"id\":12,\"create_at\":\"2023-06-27T12:09:22.058+08:00\",\"update_at\":\"2023-06-27T12:09:22.058+08:00\",\"menu_id\":7,\"name\":\"删除\",\"value\":\"Delete\",\"api\":\"\",\"method\":\"DELETE\",\"create_by\":1,\"update_by\":0,\"belong_dept\":0},{\"id\":13,\"create_at\":\"2023-06-27T12:09:22.058+08:00\",\"update_at\":\"2023-06-27T12:09:22.058+08:00\",\"menu_id\":7,\"name\":\"编辑\",\"value\":\"Update\",\"api\":\"\",\"method\":\"PUT\",\"create_by\":1,\"update_by\":0,\"belong_dept\":0},{\"id\":14,\"create_at\":\"2023-06-27T12:09:22.058+08:00\",\"update_at\":\"2023-06-27T12:09:22.058+08:00\",\"menu_id\":7,\"name\":\"查询\",\"value\":\"Search\",\"api\":\"\",\"method\":\"GET\",\"create_by\":1,\"update_by\":0,\"belong_dept\":0},{\"id\":15,\"create_at\":\"2023-06-27T12:09:22.058+08:00\",\"update_at\":\"2023-06-27T12:09:22.058+08:00\",\"menu_id\":7,\"name\":\"详情\",\"value\":\"Detail\",\"api\":\"\",\"method\":\"GET\",\"create_by\":1,\"update_by\":0,\"belong_dept\":0}],\"create_by\":1,\"update_by\":0,\"belong_dept\":0},{\"id\":4,\"create_at\":\"2023-06-26T15:57:40+08:00\",\"update_at\":\"2023-06-26T15:57:39+08:00\",\"parent_id\":0,\"name\":\"系统管理\",\"icon\":\"tools\",\"web_path\":\"\",\"is_link\":false,\"visible\":true,\"component\":\"\",\"component_name\":\"\",\"sort\":990,\"is_catalog\":true,\"keep_alive\":false,\"status\":true,\"MenuButtons\":[],\"create_by\":0,\"update_by\":0,\"belong_dept\":0}],\"msg\":\"获取成功\"}',1,0,0,0),(702,'2023-06-27 15:04:35.149','2023-06-27 15:04:35.149','127.0.0.1','GET','/api/system/dept/dept','200',1633500,'Mozilla/5.0 (Windows NT 10.0; Win64; x64) AppleWebKit/537.36 (KHTML, like Gecko) Chrome/113.0.0.0 Safari/537.36','','{\"lazy\":\"true\",\"limit\":\"10\",\"page\":\"1\"}','{\"code\":2000,\"data\":[{\"id\":6,\"create_at\":\"2023-06-27T10:48:39.95+08:00\",\"update_at\":\"2023-06-27T10:48:39.95+08:00\",\"parent_id\":5,\"name\":\"测试9\",\"sort\":1,\"status\":true,\"owner\":\"\",\"phone\":\"\",\"email\":\"\",\"create_by\":1,\"update_by\":0,\"belong_dept\":0},{\"id\":5,\"create_at\":\"2023-06-27T10:47:35.853+08:00\",\"update_at\":\"2023-06-27T10:48:17.021+08:00\",\"parent_id\":4,\"name\":\"测试8\",\"sort\":1,\"status\":true,\"owner\":\"\",\"phone\":\"\",\"email\":\"\",\"create_by\":1,\"update_by\":1,\"belong_dept\":0},{\"id\":4,\"create_at\":\"2023-06-27T10:45:34.429+08:00\",\"update_at\":\"2023-06-27T10:45:34.429+08:00\",\"parent_id\":3,\"name\":\"测试5\",\"sort\":1,\"status\":true,\"owner\":\"\",\"phone\":\"\",\"email\":\"\",\"create_by\":1,\"update_by\":0,\"belong_dept\":0},{\"id\":3,\"create_at\":\"2023-06-27T10:45:19.868+08:00\",\"update_at\":\"2023-06-27T10:45:19.868+08:00\",\"parent_id\":2,\"name\":\"测试3\",\"sort\":1,\"status\":true,\"owner\":\"\",\"phone\":\"\",\"email\":\"\",\"create_by\":1,\"update_by\":0,\"belong_dept\":0},{\"id\":2,\"create_at\":\"2023-06-27T10:42:20.776+08:00\",\"update_at\":\"2023-06-27T10:42:20.776+08:00\",\"parent_id\":1,\"name\":\"测试\",\"sort\":1,\"status\":true,\"owner\":\"\",\"phone\":\"\",\"email\":\"\",\"create_by\":1,\"update_by\":0,\"belong_dept\":0},{\"id\":1,\"create_at\":\"2023-06-26T11:06:52+08:00\",\"update_at\":\"2023-06-27T10:39:23.446+08:00\",\"parent_id\":0,\"name\":\"lyadmin团队\",\"sort\":1,\"status\":true,\"owner\":\"\",\"phone\":\"\",\"email\":\"\",\"create_by\":0,\"update_by\":1,\"belong_dept\":0}],\"msg\":\"获取成功\"}',1,0,0,0),(703,'2023-06-27 15:04:35.600','2023-06-27 15:04:35.600','127.0.0.1','GET','/api/system/menu/menu','200',25376900,'Mozilla/5.0 (Windows NT 10.0; Win64; x64) AppleWebKit/537.36 (KHTML, like Gecko) Chrome/113.0.0.0 Safari/537.36','','{\"limit\":\"9999\",\"page\":\"1\"}','{\"code\":2000,\"data\":[{\"id\":2,\"create_at\":\"2023-06-26T15:57:36+08:00\",\"update_at\":\"2023-06-26T15:57:38+08:00\",\"parent_id\":0,\"name\":\"管理员管理\",\"icon\":\"avatar\",\"web_path\":\"adminManage\",\"is_link\":false,\"visible\":true,\"component\":\"\",\"component_name\":\"\",\"sort\":1,\"is_catalog\":false,\"keep_alive\":false,\"status\":true,\"MenuButtons\":[{\"id\":2,\"create_at\":\"2023-06-26T10:00:38+08:00\",\"update_at\":\"2023-06-26T10:00:38+08:00\",\"menu_id\":2,\"name\":\"查询\",\"value\":\"Search\",\"api\":\"/api/users/users\",\"method\":\"GET\",\"create_by\":0,\"update_by\":0,\"belong_dept\":0}],\"create_by\":0,\"update_by\":0,\"belong_dept\":0},{\"id\":6,\"create_at\":\"2023-06-26T15:57:40+08:00\",\"update_at\":\"2023-06-26T15:57:39+08:00\",\"parent_id\":4,\"name\":\"部门管理\",\"icon\":\"\",\"web_path\":\"departmentManage\",\"is_link\":false,\"visible\":true,\"component\":\"\",\"component_name\":\"\",\"sort\":1,\"is_catalog\":false,\"keep_alive\":false,\"status\":true,\"MenuButtons\":[{\"id\":7,\"create_at\":\"2023-06-27T09:56:05.167+08:00\",\"update_at\":\"2023-06-27T10:14:47.212+08:00\",\"menu_id\":6,\"name\":\"查询\",\"value\":\"Search\",\"api\":\"/api/system/dept/dept\",\"method\":\"GET\",\"create_by\":1,\"update_by\":1,\"belong_dept\":0},{\"id\":8,\"create_at\":\"2023-06-27T10:37:32.191+08:00\",\"update_at\":\"2023-06-27T10:37:32.191+08:00\",\"menu_id\":6,\"name\":\"删除\",\"value\":\"Delete\",\"api\":\"/api/system/dept/dept:id\",\"method\":\"DELETE\",\"create_by\":1,\"update_by\":0,\"belong_dept\":0},{\"id\":9,\"create_at\":\"2023-06-27T10:37:51.367+08:00\",\"update_at\":\"2023-06-27T10:37:51.367+08:00\",\"menu_id\":6,\"name\":\"编辑\",\"value\":\"Update\",\"api\":\"/api/system/dept/dept:id\",\"method\":\"PUT\",\"create_by\":1,\"update_by\":0,\"belong_dept\":0},{\"id\":10,\"create_at\":\"2023-06-27T10:37:59.918+08:00\",\"update_at\":\"2023-06-27T10:37:59.918+08:00\",\"menu_id\":6,\"name\":\"新增\",\"value\":\"Create\",\"api\":\"/api/system/dept/dept\",\"method\":\"POST\",\"create_by\":1,\"update_by\":0,\"belong_dept\":0}],\"create_by\":0,\"update_by\":0,\"belong_dept\":0},{\"id\":5,\"create_at\":\"2023-06-26T15:57:40+08:00\",\"update_at\":\"2023-06-26T15:57:39+08:00\",\"parent_id\":4,\"name\":\"菜单管理\",\"icon\":\"\",\"web_path\":\"menuManage\",\"is_link\":false,\"visible\":true,\"component\":\"\",\"component_name\":\"\",\"sort\":2,\"is_catalog\":false,\"keep_alive\":false,\"status\":true,\"MenuButtons\":[{\"id\":3,\"create_at\":\"2023-06-26T10:00:38+08:00\",\"update_at\":\"2023-06-26T10:00:38+08:00\",\"menu_id\":5,\"name\":\"查询\",\"value\":\"Search\",\"api\":\"/api/system/menu/menu\",\"method\":\"GET\",\"create_by\":0,\"update_by\":0,\"belong_dept\":0},{\"id\":4,\"create_at\":\"2023-06-26T10:00:38+08:00\",\"update_at\":\"2023-06-26T10:00:38+08:00\",\"menu_id\":5,\"name\":\"新增\",\"value\":\"Create\",\"api\":\"/api/system/menu/menu\",\"method\":\"POST\",\"create_by\":0,\"update_by\":0,\"belong_dept\":0},{\"id\":5,\"create_at\":\"2023-06-26T10:00:38+08:00\",\"update_at\":\"2023-06-26T10:00:38+08:00\",\"menu_id\":5,\"name\":\"编辑\",\"value\":\"Update\",\"api\":\"/api/system/menu/menu/:id\",\"method\":\"PUT\",\"create_by\":0,\"update_by\":0,\"belong_dept\":0},{\"id\":6,\"create_at\":\"2023-06-26T10:00:38+08:00\",\"update_at\":\"2023-06-26T10:00:38+08:00\",\"menu_id\":5,\"name\":\"删除\",\"value\":\"Delete\",\"api\":\"/api/system/menu/menu/:id\",\"method\":\"DELETE\",\"create_by\":0,\"update_by\":0,\"belong_dept\":0}],\"create_by\":0,\"update_by\":0,\"belong_dept\":0},{\"id\":3,\"create_at\":\"2023-06-26T15:57:40+08:00\",\"update_at\":\"2023-06-27T13:30:18.082+08:00\",\"parent_id\":0,\"name\":\"用户管理CRUD\",\"icon\":\"avatar\",\"web_path\":\"userManageCrud\",\"is_link\":false,\"visible\":true,\"component\":\"\",\"component_name\":\"\",\"sort\":3,\"is_catalog\":false,\"keep_alive\":false,\"status\":true,\"MenuButtons\":[],\"create_by\":0,\"update_by\":1,\"belong_dept\":0},{\"id\":8,\"create_at\":\"2023-06-27T12:12:34.511+08:00\",\"update_at\":\"2023-06-27T12:12:34.511+08:00\",\"parent_id\":4,\"name\":\"角色管理\",\"icon\":\"\",\"web_path\":\"roleManage\",\"is_link\":false,\"visible\":true,\"component\":\"\",\"component_name\":\"\",\"sort\":5,\"is_catalog\":false,\"keep_alive\":false,\"status\":true,\"MenuButtons\":[{\"id\":16,\"create_at\":\"2023-06-27T12:12:34.514+08:00\",\"update_at\":\"2023-06-27T12:12:34.514+08:00\",\"menu_id\":8,\"name\":\"新增\",\"value\":\"Create\",\"api\":\"\",\"method\":\"POST\",\"create_by\":1,\"update_by\":0,\"belong_dept\":0},{\"id\":17,\"create_at\":\"2023-06-27T12:12:34.514+08:00\",\"update_at\":\"2023-06-27T12:12:34.514+08:00\",\"menu_id\":8,\"name\":\"删除\",\"value\":\"Delete\",\"api\":\"\",\"method\":\"DELETE\",\"create_by\":1,\"update_by\":0,\"belong_dept\":0},{\"id\":18,\"create_at\":\"2023-06-27T12:12:34.514+08:00\",\"update_at\":\"2023-06-27T12:12:34.514+08:00\",\"menu_id\":8,\"name\":\"编辑\",\"value\":\"Update\",\"api\":\"\",\"method\":\"PUT\",\"create_by\":1,\"update_by\":0,\"belong_dept\":0},{\"id\":19,\"create_at\":\"2023-06-27T12:12:34.514+08:00\",\"update_at\":\"2023-06-27T12:12:34.514+08:00\",\"menu_id\":8,\"name\":\"查询\",\"value\":\"Search\",\"api\":\"\",\"method\":\"GET\",\"create_by\":1,\"update_by\":0,\"belong_dept\":0},{\"id\":20,\"create_at\":\"2023-06-27T12:12:34.514+08:00\",\"update_at\":\"2023-06-27T12:12:34.514+08:00\",\"menu_id\":8,\"name\":\"详情\",\"value\":\"Detail\",\"api\":\"\",\"method\":\"GET\",\"create_by\":1,\"update_by\":0,\"belong_dept\":0}],\"create_by\":1,\"update_by\":0,\"belong_dept\":0},{\"id\":7,\"create_at\":\"2023-06-27T12:09:22.049+08:00\",\"update_at\":\"2023-06-27T12:09:22.049+08:00\",\"parent_id\":4,\"name\":\"操作日志\",\"icon\":\"InfoFilled\",\"web_path\":\"journalManage\",\"is_link\":false,\"visible\":true,\"component\":\"\",\"component_name\":\"\",\"sort\":99,\"is_catalog\":false,\"keep_alive\":false,\"status\":true,\"MenuButtons\":[{\"id\":11,\"create_at\":\"2023-06-27T12:09:22.058+08:00\",\"update_at\":\"2023-06-27T12:09:22.058+08:00\",\"menu_id\":7,\"name\":\"新增\",\"value\":\"Create\",\"api\":\"\",\"method\":\"POST\",\"create_by\":1,\"update_by\":0,\"belong_dept\":0},{\"id\":12,\"create_at\":\"2023-06-27T12:09:22.058+08:00\",\"update_at\":\"2023-06-27T12:09:22.058+08:00\",\"menu_id\":7,\"name\":\"删除\",\"value\":\"Delete\",\"api\":\"\",\"method\":\"DELETE\",\"create_by\":1,\"update_by\":0,\"belong_dept\":0},{\"id\":13,\"create_at\":\"2023-06-27T12:09:22.058+08:00\",\"update_at\":\"2023-06-27T12:09:22.058+08:00\",\"menu_id\":7,\"name\":\"编辑\",\"value\":\"Update\",\"api\":\"\",\"method\":\"PUT\",\"create_by\":1,\"update_by\":0,\"belong_dept\":0},{\"id\":14,\"create_at\":\"2023-06-27T12:09:22.058+08:00\",\"update_at\":\"2023-06-27T12:09:22.058+08:00\",\"menu_id\":7,\"name\":\"查询\",\"value\":\"Search\",\"api\":\"\",\"method\":\"GET\",\"create_by\":1,\"update_by\":0,\"belong_dept\":0},{\"id\":15,\"create_at\":\"2023-06-27T12:09:22.058+08:00\",\"update_at\":\"2023-06-27T12:09:22.058+08:00\",\"menu_id\":7,\"name\":\"详情\",\"value\":\"Detail\",\"api\":\"\",\"method\":\"GET\",\"create_by\":1,\"update_by\":0,\"belong_dept\":0}],\"create_by\":1,\"update_by\":0,\"belong_dept\":0},{\"id\":4,\"create_at\":\"2023-06-26T15:57:40+08:00\",\"update_at\":\"2023-06-26T15:57:39+08:00\",\"parent_id\":0,\"name\":\"系统管理\",\"icon\":\"tools\",\"web_path\":\"\",\"is_link\":false,\"visible\":true,\"component\":\"\",\"component_name\":\"\",\"sort\":990,\"is_catalog\":true,\"keep_alive\":false,\"status\":true,\"MenuButtons\":[],\"create_by\":0,\"update_by\":0,\"belong_dept\":0}],\"msg\":\"获取成功\"}',1,0,0,0),(704,'2023-06-27 15:04:36.703','2023-06-27 15:04:36.703','127.0.0.1','GET','/api/system/role/role','200',9060100,'Mozilla/5.0 (Windows NT 10.0; Win64; x64) AppleWebKit/537.36 (KHTML, like Gecko) Chrome/113.0.0.0 Safari/537.36','','{\"limit\":\"10\",\"page\":\"1\"}','{\"code\":2000,\"data\":{\"page\":1,\"limit\":10,\"total\":1,\"pages\":1,\"data\":[{\"id\":1,\"create_at\":\"2023-06-26T10:51:03+08:00\",\"update_at\":\"2023-06-26T10:51:03+08:00\",\"name\":\"管理员\",\"key\":\"admin\",\"sort\":1,\"status\":true,\"menu\":null,\"dept\":null,\"permission\":null,\"create_by\":0,\"update_by\":0,\"belong_dept\":0}]},\"msg\":\"获取成功\"}',1,0,0,0),(705,'2023-06-27 15:04:38.755','2023-06-27 15:04:38.755','127.0.0.1','GET','/api/system/menu/menu','200',1605300,'Mozilla/5.0 (Windows NT 10.0; Win64; x64) AppleWebKit/537.36 (KHTML, like Gecko) Chrome/113.0.0.0 Safari/537.36','','{\"limit\":\"9999\",\"page\":\"1\"}','{\"code\":2000,\"data\":[{\"id\":2,\"create_at\":\"2023-06-26T15:57:36+08:00\",\"update_at\":\"2023-06-26T15:57:38+08:00\",\"parent_id\":0,\"name\":\"管理员管理\",\"icon\":\"avatar\",\"web_path\":\"adminManage\",\"is_link\":false,\"visible\":true,\"component\":\"\",\"component_name\":\"\",\"sort\":1,\"is_catalog\":false,\"keep_alive\":false,\"status\":true,\"MenuButtons\":[{\"id\":2,\"create_at\":\"2023-06-26T10:00:38+08:00\",\"update_at\":\"2023-06-26T10:00:38+08:00\",\"menu_id\":2,\"name\":\"查询\",\"value\":\"Search\",\"api\":\"/api/users/users\",\"method\":\"GET\",\"create_by\":0,\"update_by\":0,\"belong_dept\":0}],\"create_by\":0,\"update_by\":0,\"belong_dept\":0},{\"id\":6,\"create_at\":\"2023-06-26T15:57:40+08:00\",\"update_at\":\"2023-06-26T15:57:39+08:00\",\"parent_id\":4,\"name\":\"部门管理\",\"icon\":\"\",\"web_path\":\"departmentManage\",\"is_link\":false,\"visible\":true,\"component\":\"\",\"component_name\":\"\",\"sort\":1,\"is_catalog\":false,\"keep_alive\":false,\"status\":true,\"MenuButtons\":[{\"id\":7,\"create_at\":\"2023-06-27T09:56:05.167+08:00\",\"update_at\":\"2023-06-27T10:14:47.212+08:00\",\"menu_id\":6,\"name\":\"查询\",\"value\":\"Search\",\"api\":\"/api/system/dept/dept\",\"method\":\"GET\",\"create_by\":1,\"update_by\":1,\"belong_dept\":0},{\"id\":8,\"create_at\":\"2023-06-27T10:37:32.191+08:00\",\"update_at\":\"2023-06-27T10:37:32.191+08:00\",\"menu_id\":6,\"name\":\"删除\",\"value\":\"Delete\",\"api\":\"/api/system/dept/dept:id\",\"method\":\"DELETE\",\"create_by\":1,\"update_by\":0,\"belong_dept\":0},{\"id\":9,\"create_at\":\"2023-06-27T10:37:51.367+08:00\",\"update_at\":\"2023-06-27T10:37:51.367+08:00\",\"menu_id\":6,\"name\":\"编辑\",\"value\":\"Update\",\"api\":\"/api/system/dept/dept:id\",\"method\":\"PUT\",\"create_by\":1,\"update_by\":0,\"belong_dept\":0},{\"id\":10,\"create_at\":\"2023-06-27T10:37:59.918+08:00\",\"update_at\":\"2023-06-27T10:37:59.918+08:00\",\"menu_id\":6,\"name\":\"新增\",\"value\":\"Create\",\"api\":\"/api/system/dept/dept\",\"method\":\"POST\",\"create_by\":1,\"update_by\":0,\"belong_dept\":0}],\"create_by\":0,\"update_by\":0,\"belong_dept\":0},{\"id\":5,\"create_at\":\"2023-06-26T15:57:40+08:00\",\"update_at\":\"2023-06-26T15:57:39+08:00\",\"parent_id\":4,\"name\":\"菜单管理\",\"icon\":\"\",\"web_path\":\"menuManage\",\"is_link\":false,\"visible\":true,\"component\":\"\",\"component_name\":\"\",\"sort\":2,\"is_catalog\":false,\"keep_alive\":false,\"status\":true,\"MenuButtons\":[{\"id\":3,\"create_at\":\"2023-06-26T10:00:38+08:00\",\"update_at\":\"2023-06-26T10:00:38+08:00\",\"menu_id\":5,\"name\":\"查询\",\"value\":\"Search\",\"api\":\"/api/system/menu/menu\",\"method\":\"GET\",\"create_by\":0,\"update_by\":0,\"belong_dept\":0},{\"id\":4,\"create_at\":\"2023-06-26T10:00:38+08:00\",\"update_at\":\"2023-06-26T10:00:38+08:00\",\"menu_id\":5,\"name\":\"新增\",\"value\":\"Create\",\"api\":\"/api/system/menu/menu\",\"method\":\"POST\",\"create_by\":0,\"update_by\":0,\"belong_dept\":0},{\"id\":5,\"create_at\":\"2023-06-26T10:00:38+08:00\",\"update_at\":\"2023-06-26T10:00:38+08:00\",\"menu_id\":5,\"name\":\"编辑\",\"value\":\"Update\",\"api\":\"/api/system/menu/menu/:id\",\"method\":\"PUT\",\"create_by\":0,\"update_by\":0,\"belong_dept\":0},{\"id\":6,\"create_at\":\"2023-06-26T10:00:38+08:00\",\"update_at\":\"2023-06-26T10:00:38+08:00\",\"menu_id\":5,\"name\":\"删除\",\"value\":\"Delete\",\"api\":\"/api/system/menu/menu/:id\",\"method\":\"DELETE\",\"create_by\":0,\"update_by\":0,\"belong_dept\":0}],\"create_by\":0,\"update_by\":0,\"belong_dept\":0},{\"id\":3,\"create_at\":\"2023-06-26T15:57:40+08:00\",\"update_at\":\"2023-06-27T13:30:18.082+08:00\",\"parent_id\":0,\"name\":\"用户管理CRUD\",\"icon\":\"avatar\",\"web_path\":\"userManageCrud\",\"is_link\":false,\"visible\":true,\"component\":\"\",\"component_name\":\"\",\"sort\":3,\"is_catalog\":false,\"keep_alive\":false,\"status\":true,\"MenuButtons\":[],\"create_by\":0,\"update_by\":1,\"belong_dept\":0},{\"id\":8,\"create_at\":\"2023-06-27T12:12:34.511+08:00\",\"update_at\":\"2023-06-27T12:12:34.511+08:00\",\"parent_id\":4,\"name\":\"角色管理\",\"icon\":\"\",\"web_path\":\"roleManage\",\"is_link\":false,\"visible\":true,\"component\":\"\",\"component_name\":\"\",\"sort\":5,\"is_catalog\":false,\"keep_alive\":false,\"status\":true,\"MenuButtons\":[{\"id\":16,\"create_at\":\"2023-06-27T12:12:34.514+08:00\",\"update_at\":\"2023-06-27T12:12:34.514+08:00\",\"menu_id\":8,\"name\":\"新增\",\"value\":\"Create\",\"api\":\"\",\"method\":\"POST\",\"create_by\":1,\"update_by\":0,\"belong_dept\":0},{\"id\":17,\"create_at\":\"2023-06-27T12:12:34.514+08:00\",\"update_at\":\"2023-06-27T12:12:34.514+08:00\",\"menu_id\":8,\"name\":\"删除\",\"value\":\"Delete\",\"api\":\"\",\"method\":\"DELETE\",\"create_by\":1,\"update_by\":0,\"belong_dept\":0},{\"id\":18,\"create_at\":\"2023-06-27T12:12:34.514+08:00\",\"update_at\":\"2023-06-27T12:12:34.514+08:00\",\"menu_id\":8,\"name\":\"编辑\",\"value\":\"Update\",\"api\":\"\",\"method\":\"PUT\",\"create_by\":1,\"update_by\":0,\"belong_dept\":0},{\"id\":19,\"create_at\":\"2023-06-27T12:12:34.514+08:00\",\"update_at\":\"2023-06-27T12:12:34.514+08:00\",\"menu_id\":8,\"name\":\"查询\",\"value\":\"Search\",\"api\":\"\",\"method\":\"GET\",\"create_by\":1,\"update_by\":0,\"belong_dept\":0},{\"id\":20,\"create_at\":\"2023-06-27T12:12:34.514+08:00\",\"update_at\":\"2023-06-27T12:12:34.514+08:00\",\"menu_id\":8,\"name\":\"详情\",\"value\":\"Detail\",\"api\":\"\",\"method\":\"GET\",\"create_by\":1,\"update_by\":0,\"belong_dept\":0}],\"create_by\":1,\"update_by\":0,\"belong_dept\":0},{\"id\":7,\"create_at\":\"2023-06-27T12:09:22.049+08:00\",\"update_at\":\"2023-06-27T12:09:22.049+08:00\",\"parent_id\":4,\"name\":\"操作日志\",\"icon\":\"InfoFilled\",\"web_path\":\"journalManage\",\"is_link\":false,\"visible\":true,\"component\":\"\",\"component_name\":\"\",\"sort\":99,\"is_catalog\":false,\"keep_alive\":false,\"status\":true,\"MenuButtons\":[{\"id\":11,\"create_at\":\"2023-06-27T12:09:22.058+08:00\",\"update_at\":\"2023-06-27T12:09:22.058+08:00\",\"menu_id\":7,\"name\":\"新增\",\"value\":\"Create\",\"api\":\"\",\"method\":\"POST\",\"create_by\":1,\"update_by\":0,\"belong_dept\":0},{\"id\":12,\"create_at\":\"2023-06-27T12:09:22.058+08:00\",\"update_at\":\"2023-06-27T12:09:22.058+08:00\",\"menu_id\":7,\"name\":\"删除\",\"value\":\"Delete\",\"api\":\"\",\"method\":\"DELETE\",\"create_by\":1,\"update_by\":0,\"belong_dept\":0},{\"id\":13,\"create_at\":\"2023-06-27T12:09:22.058+08:00\",\"update_at\":\"2023-06-27T12:09:22.058+08:00\",\"menu_id\":7,\"name\":\"编辑\",\"value\":\"Update\",\"api\":\"\",\"method\":\"PUT\",\"create_by\":1,\"update_by\":0,\"belong_dept\":0},{\"id\":14,\"create_at\":\"2023-06-27T12:09:22.058+08:00\",\"update_at\":\"2023-06-27T12:09:22.058+08:00\",\"menu_id\":7,\"name\":\"查询\",\"value\":\"Search\",\"api\":\"\",\"method\":\"GET\",\"create_by\":1,\"update_by\":0,\"belong_dept\":0},{\"id\":15,\"create_at\":\"2023-06-27T12:09:22.058+08:00\",\"update_at\":\"2023-06-27T12:09:22.058+08:00\",\"menu_id\":7,\"name\":\"详情\",\"value\":\"Detail\",\"api\":\"\",\"method\":\"GET\",\"create_by\":1,\"update_by\":0,\"belong_dept\":0}],\"create_by\":1,\"update_by\":0,\"belong_dept\":0},{\"id\":4,\"create_at\":\"2023-06-26T15:57:40+08:00\",\"update_at\":\"2023-06-26T15:57:39+08:00\",\"parent_id\":0,\"name\":\"系统管理\",\"icon\":\"tools\",\"web_path\":\"\",\"is_link\":false,\"visible\":true,\"component\":\"\",\"component_name\":\"\",\"sort\":990,\"is_catalog\":true,\"keep_alive\":false,\"status\":true,\"MenuButtons\":[],\"create_by\":0,\"update_by\":0,\"belong_dept\":0}],\"msg\":\"获取成功\"}',1,0,0,0),(706,'2023-06-27 15:04:39.600','2023-06-27 15:04:39.600','127.0.0.1','GET','/api/system/role/role','200',1093400,'Mozilla/5.0 (Windows NT 10.0; Win64; x64) AppleWebKit/537.36 (KHTML, like Gecko) Chrome/113.0.0.0 Safari/537.36','','{\"limit\":\"10\",\"page\":\"1\"}','{\"code\":2000,\"data\":{\"page\":1,\"limit\":10,\"total\":1,\"pages\":1,\"data\":[{\"id\":1,\"create_at\":\"2023-06-26T10:51:03+08:00\",\"update_at\":\"2023-06-26T10:51:03+08:00\",\"name\":\"管理员\",\"key\":\"admin\",\"sort\":1,\"status\":true,\"menu\":null,\"dept\":null,\"permission\":null,\"create_by\":0,\"update_by\":0,\"belong_dept\":0}]},\"msg\":\"获取成功\"}',1,0,0,0),(707,'2023-06-27 15:04:53.814','2023-06-27 15:04:53.814','127.0.0.1','GET','/api/system/menu/menu','200',1892200,'Mozilla/5.0 (Windows NT 10.0; Win64; x64) AppleWebKit/537.36 (KHTML, like Gecko) Chrome/113.0.0.0 Safari/537.36','','{\"limit\":\"9999\",\"page\":\"1\"}','{\"code\":2000,\"data\":[{\"id\":2,\"create_at\":\"2023-06-26T15:57:36+08:00\",\"update_at\":\"2023-06-26T15:57:38+08:00\",\"parent_id\":0,\"name\":\"管理员管理\",\"icon\":\"avatar\",\"web_path\":\"adminManage\",\"is_link\":false,\"visible\":true,\"component\":\"\",\"component_name\":\"\",\"sort\":1,\"is_catalog\":false,\"keep_alive\":false,\"status\":true,\"MenuButtons\":[{\"id\":2,\"create_at\":\"2023-06-26T10:00:38+08:00\",\"update_at\":\"2023-06-26T10:00:38+08:00\",\"menu_id\":2,\"name\":\"查询\",\"value\":\"Search\",\"api\":\"/api/users/users\",\"method\":\"GET\",\"create_by\":0,\"update_by\":0,\"belong_dept\":0}],\"create_by\":0,\"update_by\":0,\"belong_dept\":0},{\"id\":6,\"create_at\":\"2023-06-26T15:57:40+08:00\",\"update_at\":\"2023-06-26T15:57:39+08:00\",\"parent_id\":4,\"name\":\"部门管理\",\"icon\":\"\",\"web_path\":\"departmentManage\",\"is_link\":false,\"visible\":true,\"component\":\"\",\"component_name\":\"\",\"sort\":1,\"is_catalog\":false,\"keep_alive\":false,\"status\":true,\"MenuButtons\":[{\"id\":7,\"create_at\":\"2023-06-27T09:56:05.167+08:00\",\"update_at\":\"2023-06-27T10:14:47.212+08:00\",\"menu_id\":6,\"name\":\"查询\",\"value\":\"Search\",\"api\":\"/api/system/dept/dept\",\"method\":\"GET\",\"create_by\":1,\"update_by\":1,\"belong_dept\":0},{\"id\":8,\"create_at\":\"2023-06-27T10:37:32.191+08:00\",\"update_at\":\"2023-06-27T10:37:32.191+08:00\",\"menu_id\":6,\"name\":\"删除\",\"value\":\"Delete\",\"api\":\"/api/system/dept/dept:id\",\"method\":\"DELETE\",\"create_by\":1,\"update_by\":0,\"belong_dept\":0},{\"id\":9,\"create_at\":\"2023-06-27T10:37:51.367+08:00\",\"update_at\":\"2023-06-27T10:37:51.367+08:00\",\"menu_id\":6,\"name\":\"编辑\",\"value\":\"Update\",\"api\":\"/api/system/dept/dept:id\",\"method\":\"PUT\",\"create_by\":1,\"update_by\":0,\"belong_dept\":0},{\"id\":10,\"create_at\":\"2023-06-27T10:37:59.918+08:00\",\"update_at\":\"2023-06-27T10:37:59.918+08:00\",\"menu_id\":6,\"name\":\"新增\",\"value\":\"Create\",\"api\":\"/api/system/dept/dept\",\"method\":\"POST\",\"create_by\":1,\"update_by\":0,\"belong_dept\":0}],\"create_by\":0,\"update_by\":0,\"belong_dept\":0},{\"id\":5,\"create_at\":\"2023-06-26T15:57:40+08:00\",\"update_at\":\"2023-06-26T15:57:39+08:00\",\"parent_id\":4,\"name\":\"菜单管理\",\"icon\":\"\",\"web_path\":\"menuManage\",\"is_link\":false,\"visible\":true,\"component\":\"\",\"component_name\":\"\",\"sort\":2,\"is_catalog\":false,\"keep_alive\":false,\"status\":true,\"MenuButtons\":[{\"id\":3,\"create_at\":\"2023-06-26T10:00:38+08:00\",\"update_at\":\"2023-06-26T10:00:38+08:00\",\"menu_id\":5,\"name\":\"查询\",\"value\":\"Search\",\"api\":\"/api/system/menu/menu\",\"method\":\"GET\",\"create_by\":0,\"update_by\":0,\"belong_dept\":0},{\"id\":4,\"create_at\":\"2023-06-26T10:00:38+08:00\",\"update_at\":\"2023-06-26T10:00:38+08:00\",\"menu_id\":5,\"name\":\"新增\",\"value\":\"Create\",\"api\":\"/api/system/menu/menu\",\"method\":\"POST\",\"create_by\":0,\"update_by\":0,\"belong_dept\":0},{\"id\":5,\"create_at\":\"2023-06-26T10:00:38+08:00\",\"update_at\":\"2023-06-26T10:00:38+08:00\",\"menu_id\":5,\"name\":\"编辑\",\"value\":\"Update\",\"api\":\"/api/system/menu/menu/:id\",\"method\":\"PUT\",\"create_by\":0,\"update_by\":0,\"belong_dept\":0},{\"id\":6,\"create_at\":\"2023-06-26T10:00:38+08:00\",\"update_at\":\"2023-06-26T10:00:38+08:00\",\"menu_id\":5,\"name\":\"删除\",\"value\":\"Delete\",\"api\":\"/api/system/menu/menu/:id\",\"method\":\"DELETE\",\"create_by\":0,\"update_by\":0,\"belong_dept\":0}],\"create_by\":0,\"update_by\":0,\"belong_dept\":0},{\"id\":3,\"create_at\":\"2023-06-26T15:57:40+08:00\",\"update_at\":\"2023-06-27T13:30:18.082+08:00\",\"parent_id\":0,\"name\":\"用户管理CRUD\",\"icon\":\"avatar\",\"web_path\":\"userManageCrud\",\"is_link\":false,\"visible\":true,\"component\":\"\",\"component_name\":\"\",\"sort\":3,\"is_catalog\":false,\"keep_alive\":false,\"status\":true,\"MenuButtons\":[],\"create_by\":0,\"update_by\":1,\"belong_dept\":0},{\"id\":8,\"create_at\":\"2023-06-27T12:12:34.511+08:00\",\"update_at\":\"2023-06-27T12:12:34.511+08:00\",\"parent_id\":4,\"name\":\"角色管理\",\"icon\":\"\",\"web_path\":\"roleManage\",\"is_link\":false,\"visible\":true,\"component\":\"\",\"component_name\":\"\",\"sort\":5,\"is_catalog\":false,\"keep_alive\":false,\"status\":true,\"MenuButtons\":[{\"id\":16,\"create_at\":\"2023-06-27T12:12:34.514+08:00\",\"update_at\":\"2023-06-27T12:12:34.514+08:00\",\"menu_id\":8,\"name\":\"新增\",\"value\":\"Create\",\"api\":\"\",\"method\":\"POST\",\"create_by\":1,\"update_by\":0,\"belong_dept\":0},{\"id\":17,\"create_at\":\"2023-06-27T12:12:34.514+08:00\",\"update_at\":\"2023-06-27T12:12:34.514+08:00\",\"menu_id\":8,\"name\":\"删除\",\"value\":\"Delete\",\"api\":\"\",\"method\":\"DELETE\",\"create_by\":1,\"update_by\":0,\"belong_dept\":0},{\"id\":18,\"create_at\":\"2023-06-27T12:12:34.514+08:00\",\"update_at\":\"2023-06-27T12:12:34.514+08:00\",\"menu_id\":8,\"name\":\"编辑\",\"value\":\"Update\",\"api\":\"\",\"method\":\"PUT\",\"create_by\":1,\"update_by\":0,\"belong_dept\":0},{\"id\":19,\"create_at\":\"2023-06-27T12:12:34.514+08:00\",\"update_at\":\"2023-06-27T12:12:34.514+08:00\",\"menu_id\":8,\"name\":\"查询\",\"value\":\"Search\",\"api\":\"\",\"method\":\"GET\",\"create_by\":1,\"update_by\":0,\"belong_dept\":0},{\"id\":20,\"create_at\":\"2023-06-27T12:12:34.514+08:00\",\"update_at\":\"2023-06-27T12:12:34.514+08:00\",\"menu_id\":8,\"name\":\"详情\",\"value\":\"Detail\",\"api\":\"\",\"method\":\"GET\",\"create_by\":1,\"update_by\":0,\"belong_dept\":0}],\"create_by\":1,\"update_by\":0,\"belong_dept\":0},{\"id\":7,\"create_at\":\"2023-06-27T12:09:22.049+08:00\",\"update_at\":\"2023-06-27T12:09:22.049+08:00\",\"parent_id\":4,\"name\":\"操作日志\",\"icon\":\"InfoFilled\",\"web_path\":\"journalManage\",\"is_link\":false,\"visible\":true,\"component\":\"\",\"component_name\":\"\",\"sort\":99,\"is_catalog\":false,\"keep_alive\":false,\"status\":true,\"MenuButtons\":[{\"id\":11,\"create_at\":\"2023-06-27T12:09:22.058+08:00\",\"update_at\":\"2023-06-27T12:09:22.058+08:00\",\"menu_id\":7,\"name\":\"新增\",\"value\":\"Create\",\"api\":\"\",\"method\":\"POST\",\"create_by\":1,\"update_by\":0,\"belong_dept\":0},{\"id\":12,\"create_at\":\"2023-06-27T12:09:22.058+08:00\",\"update_at\":\"2023-06-27T12:09:22.058+08:00\",\"menu_id\":7,\"name\":\"删除\",\"value\":\"Delete\",\"api\":\"\",\"method\":\"DELETE\",\"create_by\":1,\"update_by\":0,\"belong_dept\":0},{\"id\":13,\"create_at\":\"2023-06-27T12:09:22.058+08:00\",\"update_at\":\"2023-06-27T12:09:22.058+08:00\",\"menu_id\":7,\"name\":\"编辑\",\"value\":\"Update\",\"api\":\"\",\"method\":\"PUT\",\"create_by\":1,\"update_by\":0,\"belong_dept\":0},{\"id\":14,\"create_at\":\"2023-06-27T12:09:22.058+08:00\",\"update_at\":\"2023-06-27T12:09:22.058+08:00\",\"menu_id\":7,\"name\":\"查询\",\"value\":\"Search\",\"api\":\"\",\"method\":\"GET\",\"create_by\":1,\"update_by\":0,\"belong_dept\":0},{\"id\":15,\"create_at\":\"2023-06-27T12:09:22.058+08:00\",\"update_at\":\"2023-06-27T12:09:22.058+08:00\",\"menu_id\":7,\"name\":\"详情\",\"value\":\"Detail\",\"api\":\"\",\"method\":\"GET\",\"create_by\":1,\"update_by\":0,\"belong_dept\":0}],\"create_by\":1,\"update_by\":0,\"belong_dept\":0},{\"id\":4,\"create_at\":\"2023-06-26T15:57:40+08:00\",\"update_at\":\"2023-06-26T15:57:39+08:00\",\"parent_id\":0,\"name\":\"系统管理\",\"icon\":\"tools\",\"web_path\":\"\",\"is_link\":false,\"visible\":true,\"component\":\"\",\"component_name\":\"\",\"sort\":990,\"is_catalog\":true,\"keep_alive\":false,\"status\":true,\"MenuButtons\":[],\"create_by\":0,\"update_by\":0,\"belong_dept\":0}],\"msg\":\"获取成功\"}',1,0,0,0),(708,'2023-06-27 15:05:00.599','2023-06-27 15:05:00.599','127.0.0.1','GET','/api/system/dept/dept','200',1192000,'Mozilla/5.0 (Windows NT 10.0; Win64; x64) AppleWebKit/537.36 (KHTML, like Gecko) Chrome/113.0.0.0 Safari/537.36','','{\"lazy\":\"true\",\"limit\":\"10\",\"page\":\"1\"}','{\"code\":2000,\"data\":[{\"id\":6,\"create_at\":\"2023-06-27T10:48:39.95+08:00\",\"update_at\":\"2023-06-27T10:48:39.95+08:00\",\"parent_id\":5,\"name\":\"测试9\",\"sort\":1,\"status\":true,\"owner\":\"\",\"phone\":\"\",\"email\":\"\",\"create_by\":1,\"update_by\":0,\"belong_dept\":0},{\"id\":5,\"create_at\":\"2023-06-27T10:47:35.853+08:00\",\"update_at\":\"2023-06-27T10:48:17.021+08:00\",\"parent_id\":4,\"name\":\"测试8\",\"sort\":1,\"status\":true,\"owner\":\"\",\"phone\":\"\",\"email\":\"\",\"create_by\":1,\"update_by\":1,\"belong_dept\":0},{\"id\":4,\"create_at\":\"2023-06-27T10:45:34.429+08:00\",\"update_at\":\"2023-06-27T10:45:34.429+08:00\",\"parent_id\":3,\"name\":\"测试5\",\"sort\":1,\"status\":true,\"owner\":\"\",\"phone\":\"\",\"email\":\"\",\"create_by\":1,\"update_by\":0,\"belong_dept\":0},{\"id\":3,\"create_at\":\"2023-06-27T10:45:19.868+08:00\",\"update_at\":\"2023-06-27T10:45:19.868+08:00\",\"parent_id\":2,\"name\":\"测试3\",\"sort\":1,\"status\":true,\"owner\":\"\",\"phone\":\"\",\"email\":\"\",\"create_by\":1,\"update_by\":0,\"belong_dept\":0},{\"id\":2,\"create_at\":\"2023-06-27T10:42:20.776+08:00\",\"update_at\":\"2023-06-27T10:42:20.776+08:00\",\"parent_id\":1,\"name\":\"测试\",\"sort\":1,\"status\":true,\"owner\":\"\",\"phone\":\"\",\"email\":\"\",\"create_by\":1,\"update_by\":0,\"belong_dept\":0},{\"id\":1,\"create_at\":\"2023-06-26T11:06:52+08:00\",\"update_at\":\"2023-06-27T10:39:23.446+08:00\",\"parent_id\":0,\"name\":\"lyadmin团队\",\"sort\":1,\"status\":true,\"owner\":\"\",\"phone\":\"\",\"email\":\"\",\"create_by\":0,\"update_by\":1,\"belong_dept\":0}],\"msg\":\"获取成功\"}',1,0,0,0);
REPLACE INTO `lyadmin_operation_log` VALUES (709,'2023-06-27 15:05:01.037','2023-06-27 15:05:01.037','127.0.0.1','GET','/api/system/menu/menu','200',3779800,'Mozilla/5.0 (Windows NT 10.0; Win64; x64) AppleWebKit/537.36 (KHTML, like Gecko) Chrome/113.0.0.0 Safari/537.36','','{\"limit\":\"9999\",\"page\":\"1\"}','{\"code\":2000,\"data\":[{\"id\":2,\"create_at\":\"2023-06-26T15:57:36+08:00\",\"update_at\":\"2023-06-26T15:57:38+08:00\",\"parent_id\":0,\"name\":\"管理员管理\",\"icon\":\"avatar\",\"web_path\":\"adminManage\",\"is_link\":false,\"visible\":true,\"component\":\"\",\"component_name\":\"\",\"sort\":1,\"is_catalog\":false,\"keep_alive\":false,\"status\":true,\"MenuButtons\":[{\"id\":2,\"create_at\":\"2023-06-26T10:00:38+08:00\",\"update_at\":\"2023-06-26T10:00:38+08:00\",\"menu_id\":2,\"name\":\"查询\",\"value\":\"Search\",\"api\":\"/api/users/users\",\"method\":\"GET\",\"create_by\":0,\"update_by\":0,\"belong_dept\":0}],\"create_by\":0,\"update_by\":0,\"belong_dept\":0},{\"id\":6,\"create_at\":\"2023-06-26T15:57:40+08:00\",\"update_at\":\"2023-06-26T15:57:39+08:00\",\"parent_id\":4,\"name\":\"部门管理\",\"icon\":\"\",\"web_path\":\"departmentManage\",\"is_link\":false,\"visible\":true,\"component\":\"\",\"component_name\":\"\",\"sort\":1,\"is_catalog\":false,\"keep_alive\":false,\"status\":true,\"MenuButtons\":[{\"id\":7,\"create_at\":\"2023-06-27T09:56:05.167+08:00\",\"update_at\":\"2023-06-27T10:14:47.212+08:00\",\"menu_id\":6,\"name\":\"查询\",\"value\":\"Search\",\"api\":\"/api/system/dept/dept\",\"method\":\"GET\",\"create_by\":1,\"update_by\":1,\"belong_dept\":0},{\"id\":8,\"create_at\":\"2023-06-27T10:37:32.191+08:00\",\"update_at\":\"2023-06-27T10:37:32.191+08:00\",\"menu_id\":6,\"name\":\"删除\",\"value\":\"Delete\",\"api\":\"/api/system/dept/dept:id\",\"method\":\"DELETE\",\"create_by\":1,\"update_by\":0,\"belong_dept\":0},{\"id\":9,\"create_at\":\"2023-06-27T10:37:51.367+08:00\",\"update_at\":\"2023-06-27T10:37:51.367+08:00\",\"menu_id\":6,\"name\":\"编辑\",\"value\":\"Update\",\"api\":\"/api/system/dept/dept:id\",\"method\":\"PUT\",\"create_by\":1,\"update_by\":0,\"belong_dept\":0},{\"id\":10,\"create_at\":\"2023-06-27T10:37:59.918+08:00\",\"update_at\":\"2023-06-27T10:37:59.918+08:00\",\"menu_id\":6,\"name\":\"新增\",\"value\":\"Create\",\"api\":\"/api/system/dept/dept\",\"method\":\"POST\",\"create_by\":1,\"update_by\":0,\"belong_dept\":0}],\"create_by\":0,\"update_by\":0,\"belong_dept\":0},{\"id\":5,\"create_at\":\"2023-06-26T15:57:40+08:00\",\"update_at\":\"2023-06-26T15:57:39+08:00\",\"parent_id\":4,\"name\":\"菜单管理\",\"icon\":\"\",\"web_path\":\"menuManage\",\"is_link\":false,\"visible\":true,\"component\":\"\",\"component_name\":\"\",\"sort\":2,\"is_catalog\":false,\"keep_alive\":false,\"status\":true,\"MenuButtons\":[{\"id\":3,\"create_at\":\"2023-06-26T10:00:38+08:00\",\"update_at\":\"2023-06-26T10:00:38+08:00\",\"menu_id\":5,\"name\":\"查询\",\"value\":\"Search\",\"api\":\"/api/system/menu/menu\",\"method\":\"GET\",\"create_by\":0,\"update_by\":0,\"belong_dept\":0},{\"id\":4,\"create_at\":\"2023-06-26T10:00:38+08:00\",\"update_at\":\"2023-06-26T10:00:38+08:00\",\"menu_id\":5,\"name\":\"新增\",\"value\":\"Create\",\"api\":\"/api/system/menu/menu\",\"method\":\"POST\",\"create_by\":0,\"update_by\":0,\"belong_dept\":0},{\"id\":5,\"create_at\":\"2023-06-26T10:00:38+08:00\",\"update_at\":\"2023-06-26T10:00:38+08:00\",\"menu_id\":5,\"name\":\"编辑\",\"value\":\"Update\",\"api\":\"/api/system/menu/menu/:id\",\"method\":\"PUT\",\"create_by\":0,\"update_by\":0,\"belong_dept\":0},{\"id\":6,\"create_at\":\"2023-06-26T10:00:38+08:00\",\"update_at\":\"2023-06-26T10:00:38+08:00\",\"menu_id\":5,\"name\":\"删除\",\"value\":\"Delete\",\"api\":\"/api/system/menu/menu/:id\",\"method\":\"DELETE\",\"create_by\":0,\"update_by\":0,\"belong_dept\":0}],\"create_by\":0,\"update_by\":0,\"belong_dept\":0},{\"id\":3,\"create_at\":\"2023-06-26T15:57:40+08:00\",\"update_at\":\"2023-06-27T13:30:18.082+08:00\",\"parent_id\":0,\"name\":\"用户管理CRUD\",\"icon\":\"avatar\",\"web_path\":\"userManageCrud\",\"is_link\":false,\"visible\":true,\"component\":\"\",\"component_name\":\"\",\"sort\":3,\"is_catalog\":false,\"keep_alive\":false,\"status\":true,\"MenuButtons\":[],\"create_by\":0,\"update_by\":1,\"belong_dept\":0},{\"id\":8,\"create_at\":\"2023-06-27T12:12:34.511+08:00\",\"update_at\":\"2023-06-27T12:12:34.511+08:00\",\"parent_id\":4,\"name\":\"角色管理\",\"icon\":\"\",\"web_path\":\"roleManage\",\"is_link\":false,\"visible\":true,\"component\":\"\",\"component_name\":\"\",\"sort\":5,\"is_catalog\":false,\"keep_alive\":false,\"status\":true,\"MenuButtons\":[{\"id\":16,\"create_at\":\"2023-06-27T12:12:34.514+08:00\",\"update_at\":\"2023-06-27T12:12:34.514+08:00\",\"menu_id\":8,\"name\":\"新增\",\"value\":\"Create\",\"api\":\"\",\"method\":\"POST\",\"create_by\":1,\"update_by\":0,\"belong_dept\":0},{\"id\":17,\"create_at\":\"2023-06-27T12:12:34.514+08:00\",\"update_at\":\"2023-06-27T12:12:34.514+08:00\",\"menu_id\":8,\"name\":\"删除\",\"value\":\"Delete\",\"api\":\"\",\"method\":\"DELETE\",\"create_by\":1,\"update_by\":0,\"belong_dept\":0},{\"id\":18,\"create_at\":\"2023-06-27T12:12:34.514+08:00\",\"update_at\":\"2023-06-27T12:12:34.514+08:00\",\"menu_id\":8,\"name\":\"编辑\",\"value\":\"Update\",\"api\":\"\",\"method\":\"PUT\",\"create_by\":1,\"update_by\":0,\"belong_dept\":0},{\"id\":19,\"create_at\":\"2023-06-27T12:12:34.514+08:00\",\"update_at\":\"2023-06-27T12:12:34.514+08:00\",\"menu_id\":8,\"name\":\"查询\",\"value\":\"Search\",\"api\":\"\",\"method\":\"GET\",\"create_by\":1,\"update_by\":0,\"belong_dept\":0},{\"id\":20,\"create_at\":\"2023-06-27T12:12:34.514+08:00\",\"update_at\":\"2023-06-27T12:12:34.514+08:00\",\"menu_id\":8,\"name\":\"详情\",\"value\":\"Detail\",\"api\":\"\",\"method\":\"GET\",\"create_by\":1,\"update_by\":0,\"belong_dept\":0}],\"create_by\":1,\"update_by\":0,\"belong_dept\":0},{\"id\":7,\"create_at\":\"2023-06-27T12:09:22.049+08:00\",\"update_at\":\"2023-06-27T12:09:22.049+08:00\",\"parent_id\":4,\"name\":\"操作日志\",\"icon\":\"InfoFilled\",\"web_path\":\"journalManage\",\"is_link\":false,\"visible\":true,\"component\":\"\",\"component_name\":\"\",\"sort\":99,\"is_catalog\":false,\"keep_alive\":false,\"status\":true,\"MenuButtons\":[{\"id\":11,\"create_at\":\"2023-06-27T12:09:22.058+08:00\",\"update_at\":\"2023-06-27T12:09:22.058+08:00\",\"menu_id\":7,\"name\":\"新增\",\"value\":\"Create\",\"api\":\"\",\"method\":\"POST\",\"create_by\":1,\"update_by\":0,\"belong_dept\":0},{\"id\":12,\"create_at\":\"2023-06-27T12:09:22.058+08:00\",\"update_at\":\"2023-06-27T12:09:22.058+08:00\",\"menu_id\":7,\"name\":\"删除\",\"value\":\"Delete\",\"api\":\"\",\"method\":\"DELETE\",\"create_by\":1,\"update_by\":0,\"belong_dept\":0},{\"id\":13,\"create_at\":\"2023-06-27T12:09:22.058+08:00\",\"update_at\":\"2023-06-27T12:09:22.058+08:00\",\"menu_id\":7,\"name\":\"编辑\",\"value\":\"Update\",\"api\":\"\",\"method\":\"PUT\",\"create_by\":1,\"update_by\":0,\"belong_dept\":0},{\"id\":14,\"create_at\":\"2023-06-27T12:09:22.058+08:00\",\"update_at\":\"2023-06-27T12:09:22.058+08:00\",\"menu_id\":7,\"name\":\"查询\",\"value\":\"Search\",\"api\":\"\",\"method\":\"GET\",\"create_by\":1,\"update_by\":0,\"belong_dept\":0},{\"id\":15,\"create_at\":\"2023-06-27T12:09:22.058+08:00\",\"update_at\":\"2023-06-27T12:09:22.058+08:00\",\"menu_id\":7,\"name\":\"详情\",\"value\":\"Detail\",\"api\":\"\",\"method\":\"GET\",\"create_by\":1,\"update_by\":0,\"belong_dept\":0}],\"create_by\":1,\"update_by\":0,\"belong_dept\":0},{\"id\":4,\"create_at\":\"2023-06-26T15:57:40+08:00\",\"update_at\":\"2023-06-26T15:57:39+08:00\",\"parent_id\":0,\"name\":\"系统管理\",\"icon\":\"tools\",\"web_path\":\"\",\"is_link\":false,\"visible\":true,\"component\":\"\",\"component_name\":\"\",\"sort\":990,\"is_catalog\":true,\"keep_alive\":false,\"status\":true,\"MenuButtons\":[],\"create_by\":0,\"update_by\":0,\"belong_dept\":0}],\"msg\":\"获取成功\"}',1,0,0,0);

#
# Structure for table "lyadmin_post"
#

CREATE TABLE `lyadmin_post` (
  `id` bigint(20) NOT NULL AUTO_INCREMENT COMMENT '主键',
  `created_at` datetime(3) DEFAULT NULL COMMENT '创建时间',
  `updated_at` datetime(3) DEFAULT NULL COMMENT '更新时间',
  `name` varchar(191) DEFAULT NULL COMMENT '岗位名称',
  `code` varchar(100) DEFAULT NULL COMMENT '岗位编码',
  `sort` bigint(20) DEFAULT '1' COMMENT '显示顺序',
  `status` tinyint(1) DEFAULT '1' COMMENT '状态',
  `create_by` bigint(20) unsigned DEFAULT NULL COMMENT '创建者',
  `update_by` bigint(20) unsigned DEFAULT NULL COMMENT '更新者',
  `belong_dept` bigint(20) unsigned DEFAULT NULL COMMENT '数据归属部门',
  PRIMARY KEY (`id`),
  KEY `idx_lyadmin_post_update_by` (`update_by`),
  KEY `idx_lyadmin_post_belong_dept` (`belong_dept`),
  KEY `idx_lyadmin_post_create_by` (`create_by`)
) ENGINE=InnoDB DEFAULT CHARSET=utf8mb4;

#
# Data for table "lyadmin_post"
#


#
# Structure for table "lyadmin_role"
#

CREATE TABLE `lyadmin_role` (
  `id` bigint(20) NOT NULL AUTO_INCREMENT COMMENT '主键',
  `created_at` datetime(3) DEFAULT NULL COMMENT '创建时间',
  `updated_at` datetime(3) DEFAULT NULL COMMENT '更新时间',
  `name` varchar(191) DEFAULT NULL COMMENT '角色名称',
  `key` varchar(191) DEFAULT NULL COMMENT '权限字符',
  `sort` bigint(20) DEFAULT '1' COMMENT '显示顺序',
  `status` tinyint(1) DEFAULT '1' COMMENT '状态',
  `create_by` bigint(20) unsigned DEFAULT NULL COMMENT '创建者',
  `update_by` bigint(20) unsigned DEFAULT NULL COMMENT '更新者',
  `belong_dept` bigint(20) unsigned DEFAULT NULL COMMENT '数据归属部门',
  PRIMARY KEY (`id`),
  UNIQUE KEY `key` (`key`),
  KEY `idx_lyadmin_role_update_by` (`update_by`),
  KEY `idx_lyadmin_role_belong_dept` (`belong_dept`),
  KEY `idx_lyadmin_role_key` (`key`),
  KEY `idx_lyadmin_role_create_by` (`create_by`)
) ENGINE=InnoDB AUTO_INCREMENT=2 DEFAULT CHARSET=utf8mb4;

#
# Data for table "lyadmin_role"
#

REPLACE INTO `lyadmin_role` VALUES (1,'2023-06-26 10:51:03.000','2023-06-26 10:51:03.000','管理员','admin',1,1,NULL,NULL,NULL);

#
# Structure for table "lyadmin_role_dept"
#

CREATE TABLE `lyadmin_role_dept` (
  `lyadmin_role_id` bigint(20) NOT NULL COMMENT '主键',
  `lyadmin_dept_id` bigint(20) NOT NULL COMMENT '主键',
  PRIMARY KEY (`lyadmin_role_id`,`lyadmin_dept_id`)
) ENGINE=InnoDB DEFAULT CHARSET=utf8mb4;

#
# Data for table "lyadmin_role_dept"
#

REPLACE INTO `lyadmin_role_dept` VALUES (1,1);

#
# Structure for table "lyadmin_role_menu"
#

CREATE TABLE `lyadmin_role_menu` (
  `lyadmin_role_id` bigint(20) NOT NULL COMMENT '主键',
  `lyadmin_menu_id` bigint(20) NOT NULL COMMENT '主键',
  PRIMARY KEY (`lyadmin_role_id`,`lyadmin_menu_id`)
) ENGINE=InnoDB DEFAULT CHARSET=utf8mb4;

#
# Data for table "lyadmin_role_menu"
#

REPLACE INTO `lyadmin_role_menu` VALUES (1,1),(1,2);

#
# Structure for table "lyadmin_role_menubutton"
#

CREATE TABLE `lyadmin_role_menubutton` (
  `lyadmin_role_id` bigint(20) NOT NULL COMMENT '主键',
  `lyadmin_menu_button_id` bigint(20) NOT NULL COMMENT '主键',
  PRIMARY KEY (`lyadmin_role_id`,`lyadmin_menu_button_id`)
) ENGINE=InnoDB DEFAULT CHARSET=utf8mb4;

#
# Data for table "lyadmin_role_menubutton"
#

REPLACE INTO `lyadmin_role_menubutton` VALUES (1,1),(1,2);

#
# Structure for table "lyadmin_users"
#

CREATE TABLE `lyadmin_users` (
  `id` bigint(20) NOT NULL AUTO_INCREMENT COMMENT '主键',
  `created_at` datetime(3) DEFAULT NULL COMMENT '创建时间',
  `updated_at` datetime(3) DEFAULT NULL COMMENT '更新时间',
  `uuid` varchar(50) DEFAULT NULL COMMENT 'uuid',
  `username` varchar(50) NOT NULL COMMENT '用户名',
  `password` varchar(128) DEFAULT NULL COMMENT '密码',
  `name` varchar(20) DEFAULT NULL COMMENT '姓名',
  `nickname` varchar(20) DEFAULT NULL COMMENT '昵称',
  `mobile` char(25) DEFAULT NULL COMMENT '手机号',
  `email` varchar(100) DEFAULT NULL COMMENT '邮箱',
  `avatar` varchar(255) DEFAULT NULL COMMENT '头像',
  `gender` varchar(10) DEFAULT '男' COMMENT '性别',
  `dept_id` bigint(20) DEFAULT NULL COMMENT '部门',
  `is_staff` tinyint(1) DEFAULT '1' COMMENT '是否可登录后台',
  `is_superuser` tinyint(1) DEFAULT '0' COMMENT '是否超管',
  `is_active` tinyint(1) DEFAULT '1' COMMENT '状态(1正常、0冻结)',
  `identity` tinyint(4) DEFAULT '2' COMMENT '身份(1 超级管理员 、2后台、3前台)',
  `create_by` bigint(20) unsigned DEFAULT NULL COMMENT '创建者',
  `update_by` bigint(20) unsigned DEFAULT NULL COMMENT '更新者',
  `belong_dept` bigint(20) unsigned DEFAULT NULL COMMENT '数据归属部门',
  PRIMARY KEY (`id`),
  UNIQUE KEY `username` (`username`),
  KEY `idx_lyadmin_users_username` (`username`),
  KEY `idx_lyadmin_users_create_by` (`create_by`),
  KEY `idx_lyadmin_users_update_by` (`update_by`),
  KEY `idx_lyadmin_users_belong_dept` (`belong_dept`)
) ENGINE=InnoDB AUTO_INCREMENT=3 DEFAULT CHARSET=utf8mb4;

#
# Data for table "lyadmin_users"
#

REPLACE INTO `lyadmin_users` VALUES (1,'2023-06-26 08:37:21.068','2023-06-26 08:37:21.068','10ac6b3495304b4c9ad01ec1a437c22d','superadmin','$2a$10$AxF2Rhh/VF80jjkuLgu6Ae8/q0b.5TRXDvCjeqkx6utoessRIwqMG','超级管理员','超级管理员','','','','男',0,1,1,1,1,0,0,0),(2,'2023-06-26 10:44:48.690','2023-06-26 10:44:48.690','1401c17e70184764b327be8942a1ac80','admin','$2a$10$aWM7YczX8hq5htpe1yh2v.6TxIGbZhTsPOg1h4U4qS9.XJBiiPyU.','管理员','管理员','','','','男',1,1,0,1,2,0,0,0);

#
# Structure for table "lyadmin_users_post"
#

CREATE TABLE `lyadmin_users_post` (
  `lyadmin_users_id` bigint(20) NOT NULL COMMENT '主键',
  `lyadmin_post_id` bigint(20) NOT NULL COMMENT '主键',
  PRIMARY KEY (`lyadmin_users_id`,`lyadmin_post_id`)
) ENGINE=InnoDB DEFAULT CHARSET=utf8mb4;

#
# Data for table "lyadmin_users_post"
#


#
# Structure for table "lyadmin_users_role"
#

CREATE TABLE `lyadmin_users_role` (
  `lyadmin_users_id` bigint(20) NOT NULL COMMENT '主键',
  `lyadmin_role_id` bigint(20) NOT NULL COMMENT '主键',
  PRIMARY KEY (`lyadmin_users_id`,`lyadmin_role_id`)
) ENGINE=InnoDB DEFAULT CHARSET=utf8mb4;

#
# Data for table "lyadmin_users_role"
#

REPLACE INTO `lyadmin_users_role` VALUES (2,1);
